1754104131,-0.02542,0.05472,-0.00030,0.74992,-0.66067,-0.02008,0.02706,-0.20124,0.08497,-0.19854,
1754104131,-0.03052,0.06747,-0.00695,0.73316,-0.67957,-0.02020,0.01613,-0.23488,0.06176,-0.23997,
1754104131,-0.03802,0.07516,-0.01885,0.70302,-0.71055,-0.02874,0.00712,-0.24182,0.05460,-0.26921,
1754104131,-0.04137,0.07540,-0.03333,0.66631,-0.74447,-0.04234,0.00149,-0.22481,-0.02447,-0.33812,
1754104131,-0.04192,0.06780,-0.04815,0.64711,-0.76014,-0.05855,-0.00263,-0.18709,-0.10548,-0.35979,
1754104131,-0.04118,0.06170,-0.06442,0.64027,-0.76436,-0.07605,-0.00596,-0.13369,-0.13085,-0.35063,
1754104131,-0.03861,0.05233,-0.08043,0.64978,-0.75499,-0.08817,-0.00123,-0.07124,-0.16086,-0.36487,
1754104131,-0.04195,0.04936,-0.09204,0.68272,-0.72452,-0.09427,0.00837,-0.03751,-0.15285,-0.34816,
1754104131,-0.03810,0.03883,-0.10582,0.73820,-0.66779,-0.09270,0.02288,0.03780,-0.18929,-0.38173,
1754104131,-0.03393,0.03157,-0.11969,0.78486,-0.61299,-0.08449,0.03314,0.09649,-0.17974,-0.41830,
1754104131,-0.02740,0.02293,-0.13497,0.82867,-0.55443,-0.06804,0.03575,0.13934,-0.20767,-0.46349,
1754104131,-0.01917,0.01274,-0.15029,0.86052,-0.50568,-0.05459,0.02841,0.16381,-0.26490,-0.51612,
1754104132,-0.01207,0.00245,-0.16673,0.88330,-0.46675,-0.04218,0.01220,0.14681,-0.32474,-0.54799,
1754104132,-0.00542,-0.00940,-0.18376,0.90101,-0.43312,-0.02327,-0.00713,0.14166,-0.37441,-0.57809,
1754104132,0.00141,-0.02336,-0.20292,0.90891,-0.41575,-0.01328,-0.02910,0.14801,-0.41672,-0.66274,
1754104132,0.01496,-0.05465,-0.24800,0.91574,-0.39589,-0.01706,-0.06625,0.15834,-0.50019,-0.76211,
1754104132,0.02437,-0.07612,-0.27135,0.90688,-0.41274,-0.02178,-0.08213,0.17056,-0.52944,-0.72952,
1754104132,0.04214,-0.11458,-0.31730,0.81615,-0.57053,0.00525,-0.09147,0.21232,-0.62602,-0.66040,
1754104132,0.05570,-0.13091,-0.34060,0.76682,-0.63780,0.02197,-0.06870,0.23040,-0.72305,-0.63142,
1754104132,0.06789,-0.18546,-0.38609,0.68963,-0.72414,0.00578,-0.00092,0.17175,-0.95730,-0.69164,
1754104132,0.07109,-0.21981,-0.40836,0.65972,-0.75018,-0.01904,0.04041,0.16088,-1.06229,-0.68563,
1754104142,0.00547,0.00038,0.00828,0.78047,-0.62355,-0.02106,-0.04010,0.07851,-0.08592,-0.09065,
1754104142,0.00781,-0.00557,0.00393,0.77731,-0.62718,-0.03030,-0.03898,0.01621,-0.08001,-0.14747,
1754104142,0.00671,-0.00775,-0.00118,0.77773,-0.62577,-0.04099,-0.04326,-0.05691,-0.05818,-0.16772,
1754104142,0.00468,-0.00748,-0.00680,0.77604,-0.62525,-0.06862,-0.04602,-0.00410,-0.00457,-0.08336,
1754104142,0.00435,-0.00854,-0.00861,0.77144,-0.63161,-0.07034,-0.03159,-0.01324,-0.08413,-0.16152,
1754104143,0.00653,-0.01222,-0.00763,0.76945,-0.63288,-0.07904,-0.03400,0.00576,-0.04857,0.03141,
1754104143,0.00598,-0.01021,-0.00076,0.75803,-0.64754,-0.07241,-0.02899,-0.06610,-0.04396,0.04271,
1754104143,0.00325,-0.01151,0.00764,0.75808,-0.64968,-0.05671,0.00223,-0.08542,-0.03536,0.06393,
1754104143,0.00147,-0.01371,0.00853,0.75242,-0.65671,-0.05096,-0.00053,-0.06093,-0.06687,0.05424,
1754104143,0.00169,-0.01914,0.01404,0.74469,-0.66644,-0.00103,0.03596,-0.01904,-0.04419,0.10987,
1754104143,-0.00021,-0.02090,0.01793,0.74352,-0.66734,0.00296,0.04275,-0.07233,-0.03530,0.13635,
1754104143,-0.00219,-0.02120,0.02783,0.74468,-0.66593,0.00728,0.04391,-0.00144,0.03750,0.19813,
1754104143,-0.00099,-0.01803,0.03539,0.74448,-0.66620,0.01114,0.04242,0.02211,0.08804,0.28704,
1754104143,0.00051,-0.00894,0.06020,0.73697,-0.67393,0.01131,0.05059,0.02489,0.19748,0.43869,
1754104143,0.00136,0.00045,0.07498,0.71702,-0.69479,0.00659,0.05575,0.01887,0.28371,0.46522,
1754104143,0.00027,0.02003,0.10991,0.70857,-0.70168,0.00101,0.07464,0.01989,0.36490,0.53483,
1754104143,-0.00136,0.03324,0.13016,0.70746,-0.70254,-0.00355,0.07691,0.04255,0.42297,0.63414,
1754104143,-0.00110,0.06361,0.17831,0.71542,-0.69313,-0.01616,0.08655,0.04424,0.47485,0.80409,
1754104143,0.00168,0.07988,0.20751,0.72137,-0.68659,-0.02379,0.08747,0.12451,0.48850,0.93665,
1754104143,0.01281,0.11014,0.27324,0.73610,-0.67229,-0.03202,0.07180,0.24875,0.44225,1.00982,
1754104143,0.02330,0.12685,0.30900,0.73918,-0.67009,-0.03248,0.05951,0.26512,0.37028,1.08027,
1754104143,0.04555,0.14918,0.38273,0.74329,-0.66722,-0.03160,0.03660,0.29885,0.21696,1.12694,
1754104143,0.05749,0.15672,0.41911,0.74324,-0.66770,-0.03037,0.02913,0.29681,0.16314,1.12607,
1754104143,0.07571,0.16230,0.49105,0.73862,-0.67327,-0.02688,0.02085,0.25883,0.07609,1.07238,
1754104143,0.07717,0.15228,0.52005,0.73770,-0.67440,-0.02588,0.01748,0.20905,0.03216,1.07787,
1754104144,0.08572,0.14989,0.59048,0.73474,-0.67778,-0.02173,0.01757,0.15339,-0.02627,1.11844,
1754104144,0.08723,0.14408,0.62570,0.73610,-0.67631,-0.01832,0.02070,0.13211,-0.05934,1.15989,
1754104144,0.09054,0.13448,0.69859,0.73197,-0.68070,-0.02054,0.02094,0.10346,-0.12175,1.16616,
1754104144,0.09099,0.12513,0.73460,0.72626,-0.68674,-0.01584,0.02619,0.09254,-0.17159,1.18536,
1754104144,0.08885,0.10047,0.80335,0.71940,-0.69344,-0.01406,0.03758,0.02581,-0.26594,1.21314,
1754104144,0.08759,0.08801,0.84137,0.71979,-0.69299,-0.01763,0.03684,0.03820,-0.29667,1.21393,
1754104144,0.08807,0.06109,0.91423,0.71374,-0.69901,-0.01697,0.04089,0.04050,-0.34674,1.18514,
1754104144,0.08880,0.04692,0.95154,0.71248,-0.70011,-0.01687,0.04393,0.06511,-0.37395,1.16157,
1754104144,0.09055,0.01676,1.02060,0.70740,-0.70543,-0.02021,0.03932,0.07974,-0.39391,1.05765,
1754104144,0.09312,0.00216,1.05294,0.70494,-0.70785,-0.01942,0.04047,0.11435,-0.40207,1.00305,
1754104144,0.09760,-0.03292,1.10805,0.70696,-0.70554,-0.02772,0.04077,0.12926,-0.43927,0.82739,
1754104144,0.10042,-0.04851,1.13194,0.70416,-0.70818,-0.03083,0.04109,0.12360,-0.45986,0.72428,
1754104144,0.10726,-0.08223,1.16963,0.70573,-0.70668,-0.03497,0.03649,0.16305,-0.47192,0.55067,
1754104144,0.11313,-0.09765,1.18649,0.70678,-0.70576,-0.03590,0.03279,0.17856,-0.47904,0.47044,
1754104144,0.12506,-0.12799,1.21197,0.71048,-0.70223,-0.03867,0.02431,0.20189,-0.44061,0.31657,
1754104144,0.13276,-0.14042,1.22307,0.71311,-0.69962,-0.04024,0.01963,0.21540,-0.41254,0.25674,
1754104144,0.14781,-0.16129,1.23909,0.71553,-0.69710,-0.04267,0.01581,0.21377,-0.34590,0.15827,
1754104144,0.15436,-0.17193,1.24399,0.71497,-0.69758,-0.04435,0.01529,0.19449,-0.31980,0.10535,
1754104144,0.16605,-0.19085,1.25072,0.71317,-0.69902,-0.05084,0.01353,0.16009,-0.27868,0.09168,
1754104144,0.17068,-0.20045,1.25465,0.71536,-0.69647,-0.05498,0.01293,0.14854,-0.26171,0.10378,
1754104145,0.17977,-0.21659,1.26420,0.72518,-0.68552,-0.06356,0.01185,0.12114,-0.22282,0.09957,
1754104145,0.18408,-0.22336,1.26919,0.73153,-0.67838,-0.06721,0.01175,0.12670,-0.19079,0.07599,
1754104145,0.19232,-0.23509,1.27561,0.74025,-0.66829,-0.07224,0.01442,0.12488,-0.13939,0.06496,
1754104145,0.19669,-0.23572,1.27933,0.74118,-0.66684,-0.07470,0.02017,0.14819,-0.11234,0.07412,
1754104145,0.20737,-0.24650,1.28508,0.74849,-0.65800,-0.07581,0.03244,0.18933,-0.09082,0.08824,
1754104145,0.21321,-0.25023,1.28821,0.75076,-0.65518,-0.07586,0.03667,0.20166,-0.08886,0.09397,
1754104145,0.22778,-0.25681,1.29482,0.75619,-0.64817,-0.08162,0.03730,0.23912,-0.08202,0.09008,
1754104145,0.23672,-0.25889,1.29732,0.75975,-0.64421,-0.08068,0.03564,0.26154,-0.06948,0.09137,
1754104145,0.25510,-0.26177,1.30170,0.76252,-0.64132,-0.07883,0.03252,0.25064,-0.02372,0.03760,
1754104145,0.26347,-0.26184,1.30117,0.76227,-0.64167,-0.07865,0.03187,0.24175,-0.00405,0.00839,
1754104145,0.27982,-0.26242,1.29963,0.76096,-0.64374,-0.07440,0.03153,0.23715,-0.01332,-0.00795,
1754104145,0.28715,-0.26306,1.29834,0.76113,-0.64388,-0.07191,0.03051,0.22090,-0.02338,-0.01277,
1754104145,0.30123,-0.26397,1.29552,0.76017,-0.64586,-0.06363,0.03087,0.19805,-0.00332,-0.03507,
1754104145,0.30740,-0.26465,1.29295,0.75902,-0.64748,-0.06052,0.03155,0.17849,0.00807,-0.04490,
1754104145,0.31663,-0.26383,1.28854,0.75326,-0.65429,-0.05478,0.03876,0.12432,0.03427,-0.06352,
1754104145,0.31914,-0.26369,1.28546,0.74880,-0.65912,-0.05307,0.04513,0.08638,0.04044,-0.06723,
1754104145,0.31894,-0.26191,1.28065,0.74161,-0.66595,-0.05656,0.05770,-0.03285,0.04375,-0.05749,
1754104145,0.31304,-0.26021,1.27843,0.73885,-0.66780,-0.06099,0.06643,-0.11648,0.04075,-0.05068,
1754104145,0.29669,-0.25860,1.27620,0.73693,-0.66615,-0.07767,0.08448,-0.28328,0.00861,-0.01813,
1754104145,0.28420,-0.25942,1.27581,0.73630,-0.66398,-0.08864,0.09556,-0.36123,-0.01148,-0.00821,
1754104146,0.25492,-0.26279,1.27632,0.73490,-0.65765,-0.11352,0.12057,-0.47114,-0.05293,0.00663,
1754104146,0.23778,-0.26578,1.27718,0.73404,-0.65333,-0.12716,0.13484,-0.50698,-0.07653,0.01009,
1754104146,0.20128,-0.27322,1.27853,0.73172,-0.64210,-0.15648,0.16675,-0.55606,-0.12358,0.01066,
1754104146,0.18205,-0.27863,1.28005,0.73008,-0.63441,-0.17107,0.18773,-0.56973,-0.15344,0.01492,
1754104146,0.14342,-0.29233,1.28215,0.72271,-0.62144,-0.20553,0.22192,-0.58403,-0.22419,0.03113,
1754104146,0.12418,-0.30211,1.28396,0.71834,-0.61398,-0.22206,0.24019,-0.58386,-0.26733,0.03566,
1754104146,0.08630,-0.32485,1.28761,0.70601,-0.59943,-0.25362,0.27911,-0.56280,-0.35258,0.04097,
1754104146,0.06824,-0.33923,1.28967,0.69943,-0.59165,-0.26905,0.29726,-0.54395,-0.39097,0.03530,
1754104146,0.03419,-0.36845,1.29172,0.68445,-0.57717,-0.29995,0.32929,-0.48207,-0.44036,0.03380,
1754104146,0.01947,-0.38479,1.29295,0.67854,-0.56865,-0.31358,0.34335,-0.44328,-0.45719,0.03288,
1754104146,-0.00698,-0.41713,1.29439,0.66410,-0.55565,-0.33831,0.36847,-0.37256,-0.46049,0.00105,
1754104146,-0.01882,-0.43385,1.29401,0.65850,-0.54882,-0.35067,0.37711,-0.33039,-0.45439,-0.00073,
1754104146,-0.03931,-0.46267,1.29299,0.64869,-0.53786,-0.36841,0.39265,-0.22320,-0.40469,0.01372,
1754104146,-0.04940,-0.47601,1.29169,0.64199,-0.53416,-0.37665,0.40082,-0.17607,-0.36342,0.02501,
1754104146,-0.06273,-0.49846,1.29237,0.62924,-0.53526,-0.38329,0.41308,-0.06326,-0.22770,0.04320,
1754104146,-0.06918,-0.50731,1.29173,0.62377,-0.53850,-0.38428,0.41625,-0.02071,-0.16969,0.04547,
1754104146,-0.07235,-0.51196,1.29182,0.61068,-0.55673,-0.37900,0.41652,0.07636,0.00792,0.04966,
1754104146,-0.07107,-0.50891,1.29159,0.60495,-0.56658,-0.37369,0.41638,0.12994,0.09450,0.05404,
1754104146,-0.06310,-0.48982,1.29033,0.60033,-0.58604,-0.35803,0.40984,0.24645,0.25494,0.03672,
1754104146,-0.05601,-0.47622,1.28897,0.60433,-0.59340,-0.34775,0.40216,0.30268,0.31922,0.01862,
1754104147,-0.03413,-0.44858,1.28722,0.61690,-0.60801,-0.32353,0.38090,0.42356,0.41345,-0.01109,
1754104147,-0.02026,-0.43212,1.28525,0.62374,-0.61677,-0.30964,0.36697,0.47861,0.44986,-0.02658,
1754104147,0.01497,-0.40037,1.28295,0.64163,-0.63282,-0.27784,0.33264,0.59520,0.47035,-0.02553,
1754104147,0.03547,-0.38384,1.28196,0.65117,-0.64024,-0.26078,0.31315,0.64810,0.46235,-0.02332,
1754104147,0.08061,-0.35344,1.28009,0.66503,-0.65681,-0.22461,0.27548,0.71801,0.40265,-0.01431,
1754104147,0.10399,-0.33997,1.27943,0.67211,-0.66383,-0.20662,0.25476,0.72671,0.35819,-0.00774,
1754104147,0.15032,-0.31901,1.27828,0.68584,-0.67426,-0.17228,0.21290,0.68935,0.26483,-0.00532,
1754104147,0.17164,-0.31108,1.27770,0.69378,-0.67582,-0.15650,0.19350,0.65384,0.21766,-0.00853,
1754104147,0.21158,-0.29937,1.27583,0.70664,-0.67739,-0.13000,0.15781,0.55971,0.13807,-0.01355,
1754104147,0.22905,-0.29519,1.27442,0.71069,-0.67862,-0.11894,0.14231,0.50436,0.10741,-0.01443,
1754104147,0.25898,-0.28858,1.27276,0.71668,-0.68021,-0.10367,0.11370,0.37512,0.08242,-0.01841,
1754104147,0.27117,-0.28563,1.27155,0.71768,-0.68164,-0.09878,0.10270,0.30733,0.07800,-0.02542,
1754104147,0.28742,-0.28073,1.26956,0.71911,-0.68312,-0.09363,0.08633,0.16465,0.06492,-0.02737,
1754104147,0.29183,-0.27886,1.26942,0.72023,-0.68249,-0.09308,0.08252,0.09057,0.06255,-0.02623,
1754104147,0.29252,-0.27630,1.26955,0.72120,-0.68095,-0.09749,0.08175,-0.04909,0.05995,-0.01659,
1754104147,0.28931,-0.27567,1.26986,0.72132,-0.67982,-0.10175,0.08473,-0.10967,0.06148,-0.02928,
1754104147,0.27741,-0.27377,1.26742,0.71919,-0.67870,-0.11513,0.09424,-0.21825,0.06007,-0.08741,
1754104147,0.26897,-0.27464,1.26521,0.71677,-0.67883,-0.12358,0.10075,-0.27099,0.03355,-0.10860,
1754104147,0.24606,-0.28030,1.26046,0.71099,-0.67813,-0.14157,0.12080,-0.40125,-0.03753,-0.12624,
1754104147,0.23074,-0.28414,1.25852,0.70550,-0.67884,-0.15225,0.13514,-0.48290,-0.07544,-0.11435,
1754104148,0.19320,-0.29368,1.25543,0.69981,-0.67078,-0.18494,0.16162,-0.63919,-0.18020,-0.02897,
1754104148,0.17137,-0.30072,1.25674,0.70069,-0.66130,-0.20313,0.17451,-0.69849,-0.23835,0.02115,
1754104148,0.12248,-0.32121,1.26171,0.70405,-0.63819,-0.23963,0.19900,-0.75636,-0.37059,0.08975,
1754104148,0.09696,-0.33473,1.26628,0.70458,-0.62656,-0.25500,0.21438,-0.76582,-0.42338,0.12136,
1754104148,0.04550,-0.36564,1.27675,0.70386,-0.60372,-0.28360,0.24426,-0.78054,-0.49429,0.17038,
1754104148,0.01988,-0.38244,1.28315,0.70192,-0.59304,-0.29732,0.25927,-0.77790,-0.52621,0.17923,
1754104148,-0.03063,-0.42070,1.29451,0.69695,-0.57085,-0.32204,0.29102,-0.75127,-0.59859,0.16069,
1754104148,-0.05455,-0.44163,1.29923,0.69413,-0.56045,-0.33237,0.30596,-0.72422,-0.62855,0.13798,
1754104148,-0.10109,-0.48540,1.30624,0.68899,-0.54156,-0.34608,0.33501,-0.68209,-0.66520,0.07282,
1754104148,-0.12325,-0.50814,1.30793,0.68596,-0.53472,-0.34976,0.34816,-0.66264,-0.67948,0.04192,
1754104148,-0.16649,-0.55400,1.30937,0.67795,-0.52363,-0.35620,0.37325,-0.63374,-0.68533,0.02219,
1754104148,-0.18763,-0.57664,1.30962,0.67439,-0.51843,-0.35862,0.38448,-0.61529,-0.67938,0.02193,
1754104148,-0.22710,-0.62116,1.31047,0.66871,-0.50609,-0.36364,0.40554,-0.56709,-0.64922,0.01256,
1754104148,-0.24583,-0.64268,1.30978,0.66265,-0.50259,-0.36864,0.41522,-0.55426,-0.64000,-0.00791,
1754104149,-0.40710,-0.85705,1.28755,0.57119,-0.47514,-0.44667,0.49847,-0.44291,-0.63788,-0.11533,
1754104149,-0.47676,-0.96428,1.26565,0.51123,-0.45943,-0.48522,0.54049,-0.40828,-0.61858,-0.12368,
1754104149,-0.48871,-0.98665,1.26093,0.50450,-0.45513,-0.49158,0.54469,-0.40450,-0.60392,-0.11324,
1754104149,-0.50054,-1.00803,1.25683,0.49943,-0.45014,-0.49641,0.54911,-0.40159,-0.58546,-0.10578,
1754104149,-0.51345,-1.02739,1.25257,0.49567,-0.44513,-0.50033,0.55304,-0.40996,-0.56183,-0.09114,
1754104149,-0.52708,-1.04487,1.24883,0.49074,-0.44168,-0.50284,0.55789,-0.42135,-0.53753,-0.08545,
1754104149,-0.54167,-1.06155,1.24592,0.48853,-0.43666,-0.50432,0.56243,-0.44141,-0.51475,-0.06423,
1754104149,-0.73272,-1.21967,1.25383,0.46657,-0.37595,-0.48523,0.63681,-0.48857,-0.39495,0.12640,
1754104149,-0.79388,-1.27191,1.26932,0.43991,-0.36199,-0.48042,0.66681,-0.45705,-0.39759,0.09356,
1754104149,-0.84196,-1.30910,1.27847,0.40317,-0.37185,-0.49486,0.67401,-0.53587,-0.35747,0.09917,
1754104149,-0.85879,-1.31975,1.28207,0.38657,-0.38216,-0.50627,0.66949,-0.57037,-0.33776,0.06796,
1754104150,-0.87615,-1.29778,1.29964,0.36798,-0.39815,-0.52227,0.65825,-0.61683,-0.25848,0.08975,
1754104150,-0.89584,-1.30110,1.30637,0.35472,-0.41097,-0.53847,0.64446,-0.64591,-0.22999,0.07387,
1754104150,-0.91488,-1.30828,1.31312,0.34644,-0.41958,-0.54953,0.63399,-0.66313,-0.21459,0.07160,
1754104150,-0.93765,-1.32005,1.31532,0.34284,-0.42691,-0.55495,0.62629,-0.69710,-0.19650,0.07845,
1754104150,-0.96104,-1.33099,1.31967,0.34038,-0.43474,-0.55663,0.62072,-0.72297,-0.19071,0.07196,
1754104150,-0.98817,-1.34034,1.32585,0.34202,-0.43976,-0.55520,0.61756,-0.74886,-0.18039,0.08895,
1754104150,-1.01011,-1.34855,1.32929,0.34498,-0.44520,-0.55092,0.61585,-0.76466,-0.15678,0.09345,
1754104150,-1.03809,-1.35688,1.33389,0.35084,-0.44954,-0.54939,0.61074,-0.78772,-0.14705,0.08009,
1754104150,-1.05720,-1.36519,1.33864,0.35674,-0.45564,-0.54763,0.60434,-0.80168,-0.11620,0.11630,
1754104150,-1.09812,-1.36945,1.33869,0.36419,-0.45841,-0.54790,0.59752,-0.85824,-0.07619,0.17624,
1754104150,-1.09943,-1.36898,1.33244,0.37400,-0.46025,-0.54442,0.59321,-0.78462,-0.00378,0.20410,
1754104150,-1.10567,-1.37007,1.33032,0.38535,-0.46267,-0.53889,0.58910,-0.74193,0.05190,0.18295,
1754104150,-1.08973,-1.36954,1.32374,0.39893,-0.46302,-0.53481,0.58347,-0.62960,0.06068,0.11897,
1754104150,-1.03881,-1.37423,1.31042,0.41067,-0.46363,-0.53344,0.57605,-0.42998,0.06311,0.02804,
1754104150,-1.05068,-1.38113,1.30698,0.41849,-0.46569,-0.53573,0.56657,-0.44570,0.06142,-0.00567,
1754104150,-1.06939,-1.38621,1.30411,0.42359,-0.46712,-0.53716,0.56021,-0.47412,0.05145,-0.01325,
1754104150,-1.08985,-1.39076,1.30168,0.43173,-0.46482,-0.53558,0.55741,-0.50492,0.04287,-0.01430,
1754104150,-1.10763,-1.38962,1.30131,0.44013,-0.45978,-0.53292,0.55757,-0.52881,0.05577,-0.01846,
1754104150,-1.13178,-1.39610,1.29844,0.44641,-0.45350,-0.52992,0.56056,-0.56907,0.04083,-0.05570,
1754104150,-1.15194,-1.39452,1.29675,0.44700,-0.44991,-0.52849,0.56433,-0.60298,0.05494,-0.07279,
1754104150,-1.18085,-1.40287,1.29348,0.45302,-0.44258,-0.52676,0.56694,-0.66178,0.02805,-0.08172,
1754104150,-1.20478,-1.40166,1.29110,0.45652,-0.43712,-0.52448,0.57046,-0.71883,0.03174,-0.10134,
1754104150,-1.23658,-1.41117,1.28745,0.46085,-0.43206,-0.52457,0.57076,-0.78519,-0.00574,-0.10056,
1754104150,-1.26345,-1.41174,1.28439,0.46358,-0.42898,-0.52333,0.57200,-0.81829,0.00870,-0.09547,
1754104150,-1.29522,-1.42199,1.28174,0.46165,-0.42762,-0.52397,0.57400,-0.85781,0.00101,-0.10035,
1754104150,-1.32438,-1.42291,1.27884,0.45882,-0.42719,-0.52374,0.57679,-0.89315,0.01653,-0.09294,
1754104150,-1.35605,-1.42352,1.27557,0.45963,-0.42784,-0.52273,0.57658,-0.93732,0.05412,-0.09472,
1754104150,-1.38940,-1.42180,1.27206,0.46309,-0.43288,-0.51787,0.57443,-0.96757,0.10006,-0.10571,
1754104150,-1.42440,-1.43081,1.26904,0.46835,-0.43988,-0.51280,0.56938,-0.96485,0.11609,-0.10312,
1754104150,-1.45579,-1.42627,1.26475,0.47446,-0.44708,-0.50785,0.56311,-0.93580,0.14684,-0.08038,
1754104151,-1.48952,-1.42889,1.26195,0.48493,-0.45061,-0.50245,0.55618,-0.92539,0.15443,-0.05322,
1754104151,-1.52073,-1.42836,1.26015,0.49789,-0.45280,-0.49479,0.54979,-0.91948,0.15686,-0.04951,
1754104151,-1.55526,-1.42445,1.25807,0.51228,-0.45521,-0.48550,0.54281,-0.91544,0.18513,-0.04448,
1754104151,-1.59015,-1.41788,1.25603,0.52049,-0.46195,-0.47700,0.53681,-0.89446,0.22267,-0.04697,
1754104151,-1.61400,-1.41101,1.25448,0.52586,-0.47133,-0.46834,0.53102,-0.84285,0.25802,-0.05431,
1754104151,-1.64279,-1.40134,1.25173,0.53356,-0.47927,-0.46080,0.52276,-0.81085,0.27000,-0.06149,
1754104151,-1.66956,-1.39079,1.24849,0.54171,-0.48474,-0.45556,0.51385,-0.80080,0.28162,-0.08075,
1754104151,-1.69849,-1.37789,1.24393,0.54860,-0.48931,-0.45167,0.50557,-0.81447,0.29905,-0.11294,
1754104151,-1.74368,-1.35574,1.23442,0.56527,-0.50488,-0.43476,0.48636,-0.83950,0.35890,-0.17501,
1754104151,-1.76035,-1.34429,1.22843,0.57266,-0.51433,-0.42402,0.47722,-0.81779,0.36351,-0.18987,
1754104151,-1.80147,-1.32163,1.21587,0.59049,-0.53021,-0.40075,0.45782,-0.80141,0.35585,-0.19856,
1754104151,-1.81579,-1.31115,1.21036,0.59820,-0.53875,-0.38734,0.44931,-0.76638,0.35390,-0.17709,
1754104151,-1.85408,-1.28766,1.20151,0.61833,-0.55137,-0.35841,0.43036,-0.70951,0.35559,-0.12840,
1754104151,-1.86835,-1.27551,1.19897,0.62837,-0.55797,-0.34321,0.41955,-0.66368,0.35977,-0.10799,
1754104151,-1.90357,-1.25005,1.19478,0.64450,-0.57470,-0.31637,0.39274,-0.58789,0.38214,-0.05880,
1754104151,-1.91561,-1.23630,1.19496,0.65086,-0.58336,-0.30319,0.37966,-0.53383,0.40582,-0.02750,
1754104151,-1.93968,-1.20682,1.19591,0.67059,-0.59591,-0.27308,0.34731,-0.42648,0.45292,-0.01094,
1754104151,-1.94403,-1.19089,1.19707,0.67814,-0.60410,-0.25681,0.33050,-0.36405,0.47111,-0.03599,
1754104151,-1.95536,-1.15962,1.19514,0.68633,-0.62340,-0.22633,0.29849,-0.26672,0.49895,-0.05522,
1754104151,-1.95245,-1.14510,1.19525,0.69153,-0.63017,-0.21122,0.28293,-0.21432,0.50951,-0.04923,
1754104151,-1.94995,-1.11708,1.19283,0.70482,-0.63836,-0.18263,0.24974,-0.15020,0.50766,-0.06208,
1754104151,-1.94291,-1.10617,1.19123,0.71241,-0.64021,-0.16954,0.23208,-0.11368,0.49493,-0.07450,
1754104152,-1.93585,-1.08443,1.18690,0.72234,-0.64538,-0.14356,0.20275,-0.07224,0.46236,-0.08273,
1754104152,-1.93151,-1.07503,1.18474,0.72691,-0.64736,-0.13123,0.18792,-0.06276,0.44186,-0.07809,
1754104152,-1.93202,-1.05157,1.18082,0.73524,-0.64954,-0.10821,0.16069,-0.08711,0.39955,-0.05590,
1754104152,-1.93302,-1.04022,1.17996,0.73867,-0.64986,-0.09674,0.15059,-0.10716,0.37775,-0.04896,
1754104152,-1.93950,-1.01722,1.17813,0.74328,-0.65111,-0.07583,0.13355,-0.15887,0.34031,-0.05105,
1754104152,-1.94310,-1.00577,1.17750,0.74303,-0.65389,-0.06876,0.12497,-0.15939,0.31157,-0.02962,
1754104152,-1.95232,-0.98067,1.17808,0.74971,-0.65118,-0.06021,0.10131,-0.17449,0.24532,0.02836,
1754104152,-1.95624,-0.96846,1.17925,0.75152,-0.65087,-0.05403,0.09308,-0.18547,0.21394,0.02786,
1754104152,-1.96674,-0.94954,1.18197,0.75444,-0.65050,-0.04386,0.07576,-0.18092,0.17365,0.05874,
1754104152,-1.97091,-0.93855,1.18388,0.75518,-0.65062,-0.03998,0.06933,-0.17689,0.18377,0.05523,
1754104152,-1.98167,-0.91942,1.18711,0.75750,-0.64962,-0.03542,0.05420,-0.19515,0.19573,0.02260,
1754104152,-1.98794,-0.90973,1.18777,0.75793,-0.64977,-0.03254,0.04790,-0.20656,0.18861,0.00367,
1754104152,-2.00112,-0.89001,1.18754,0.75678,-0.65204,-0.02456,0.03900,-0.24534,0.19573,-0.03731,
1754104152,-2.00986,-0.88076,1.18643,0.75626,-0.65303,-0.02063,0.03450,-0.28306,0.21195,-0.04254,
1754104152,-2.03038,-0.85994,1.18477,0.75400,-0.65591,-0.01409,0.03263,-0.36021,0.23873,-0.03660,
1754104152,-2.04342,-0.84998,1.18428,0.75464,-0.65532,-0.01208,0.03043,-0.39895,0.23624,-0.01697,
1754104152,-2.07202,-0.82769,1.18543,0.75760,-0.65213,-0.00714,0.02680,-0.46863,0.23810,0.01755,
1754104152,-2.08824,-0.81773,1.18668,0.75963,-0.64985,-0.00472,0.02526,-0.50075,0.23546,0.02954,
1754104152,-2.12347,-0.80110,1.18847,0.76060,-0.64869,0.00020,0.02631,-0.55088,0.23056,0.03676,
1754104152,-2.14307,-0.78493,1.19059,0.75979,-0.64959,0.00278,0.02748,-0.55667,0.24733,0.04996,
1754104153,-2.17993,-0.76695,1.19486,0.76139,-0.64773,0.00332,0.02687,-0.54687,0.24035,0.06763,
1754104153,-2.19829,-0.75300,1.19780,0.76330,-0.64558,0.00219,0.02443,-0.53763,0.25095,0.06462,
1754104153,-2.23394,-0.73491,1.20087,0.76299,-0.64592,0.00001,0.02520,-0.53917,0.28282,0.02128,
1754104153,-2.24978,-0.72146,1.20177,0.76177,-0.64735,-0.00219,0.02524,-0.53542,0.32000,0.01375,
1754104153,-2.28444,-0.69635,1.20293,0.76105,-0.64803,-0.01230,0.02658,-0.54601,0.37790,0.00836,
1754104153,-2.30241,-0.68321,1.20316,0.76145,-0.64736,-0.01856,0.02769,-0.55186,0.40293,0.00137,
1754104153,-2.33623,-0.65411,1.20369,0.76378,-0.64416,-0.03050,0.02766,-0.54984,0.44846,-0.01503,
1754104153,-2.35232,-0.63777,1.20386,0.76454,-0.64293,-0.03527,0.02963,-0.54666,0.48417,-0.02387,
1754104153,-2.38706,-0.60157,1.20322,0.76425,-0.64239,-0.04192,0.03876,-0.55543,0.57635,-0.02734,
1754104153,-2.40570,-0.58136,1.20224,0.76186,-0.64443,-0.04226,0.04991,-0.56287,0.62312,-0.04820,
1754104153,-2.44208,-0.53694,1.20105,0.75661,-0.64847,-0.04410,0.07123,-0.56524,0.68826,-0.01222,
1754104153,-2.46159,-0.51237,1.20149,0.75593,-0.64818,-0.04652,0.07911,-0.57247,0.71664,0.01452,
1754104153,-2.50108,-0.46141,1.20526,0.75788,-0.64350,-0.05157,0.09418,-0.59761,0.76725,0.08215,
1754104153,-2.51965,-0.43568,1.20915,0.75909,-0.64119,-0.05390,0.09876,-0.59796,0.77713,0.11601,
1754104153,-2.55717,-0.38340,1.21894,0.75471,-0.64425,-0.06237,0.10710,-0.58223,0.76833,0.18765,
1754104153,-2.57563,-0.35737,1.22543,0.75518,-0.64269,-0.07085,0.10786,-0.58812,0.75895,0.22803,
1754104153,-2.61359,-0.30606,1.24112,0.75895,-0.63642,-0.08714,0.10660,-0.60946,0.71782,0.24340,
1754104153,-2.63314,-0.28105,1.24910,0.76214,-0.63201,-0.09558,0.10283,-0.60413,0.68702,0.22216,
1754104153,-2.66945,-0.23343,1.26174,0.76489,-0.62642,-0.10992,0.10224,-0.57269,0.66142,0.15751,
1754104153,-2.68840,-0.20900,1.26613,0.76491,-0.62525,-0.11412,0.10468,-0.56753,0.68353,0.10454,
1754104154,-2.72144,-0.16184,1.26837,0.76302,-0.62638,-0.11763,0.10774,-0.55254,0.70641,-0.00741,
1754104154,-2.73978,-0.13737,1.26678,0.75775,-0.63184,-0.11588,0.11470,-0.55291,0.70873,-0.05906,
1754104154,-2.77266,-0.09172,1.26013,0.75221,-0.63776,-0.11436,0.11983,-0.55439,0.69478,-0.09792,
1754104154,-2.79047,-0.06808,1.25654,0.75148,-0.63873,-0.11192,0.12157,-0.54649,0.69147,-0.10551,
1754104154,-2.82429,-0.01908,1.25013,0.75582,-0.63573,-0.10332,0.11794,-0.51048,0.68879,-0.10302,
1754104154,-2.84063,0.00599,1.24738,0.75551,-0.63760,-0.09622,0.11581,-0.47643,0.68818,-0.09942,
1754104154,-2.86920,0.05623,1.24211,0.74630,-0.65118,-0.08289,0.11016,-0.41060,0.69100,-0.05639,
1754104154,-2.88116,0.07963,1.24086,0.74226,-0.65708,-0.07838,0.10557,-0.38084,0.68526,0.02259,
1754104154,-2.90203,0.12591,1.24608,0.74545,-0.65725,-0.06671,0.08873,-0.32132,0.64832,0.10450,
1754104154,-2.91122,0.14821,1.24910,0.74684,-0.65748,-0.06018,0.07958,-0.30351,0.63549,0.08784,
1754104154,-2.93013,0.19598,1.25355,0.74565,-0.66097,-0.05227,0.06629,-0.29540,0.66351,0.07348,
1754104154,-2.93959,0.22240,1.25590,0.74584,-0.66155,-0.05086,0.05906,-0.30063,0.69433,0.07365,
1754104154,-2.95785,0.26882,1.26117,0.74033,-0.66842,-0.04551,0.05519,-0.30325,0.71436,0.06921,
1754104154,-2.96833,0.29240,1.26341,0.73749,-0.67172,-0.04337,0.05491,-0.30582,0.71240,0.06953,
1754104154,-2.98641,0.33609,1.26843,0.73566,-0.67399,-0.04121,0.05341,-0.32107,0.72423,0.07665,
1754104154,-2.99725,0.36058,1.27098,0.73609,-0.67366,-0.04095,0.05176,-0.33944,0.74259,0.07416,
1754104154,-3.02144,0.41248,1.27590,0.73648,-0.67330,-0.04119,0.05076,-0.37521,0.76045,0.06195,
1754104154,-3.03419,0.43713,1.27844,0.73917,-0.67014,-0.04281,0.05199,-0.39444,0.75830,0.06432,
1754104154,-3.06337,0.49171,1.28395,0.74535,-0.66246,-0.04572,0.05916,-0.44311,0.75957,0.07245,
1754104154,-3.07846,0.51635,1.28687,0.74583,-0.66144,-0.04595,0.06414,-0.45695,0.74528,0.05798,
1754104155,-3.10923,0.56449,1.29252,0.74624,-0.66009,-0.05710,0.06446,-0.51744,0.72462,0.08431,
1754104155,-3.12663,0.58889,1.29516,0.74734,-0.65803,-0.06350,0.06669,-0.53640,0.69459,0.08317,
1754104155,-3.16345,0.63488,1.30031,0.74979,-0.65393,-0.07414,0.06851,-0.56122,0.63327,0.02911,
1754104155,-3.18257,0.65729,1.30137,0.74987,-0.65302,-0.08087,0.06878,-0.56816,0.61465,0.01929,
1754104155,-3.22267,0.70285,1.30219,0.74892,-0.65187,-0.09511,0.07168,-0.58293,0.61830,-0.02100,
1754104155,-3.24285,0.72608,1.30136,0.74915,-0.65043,-0.10149,0.07366,-0.58801,0.62438,-0.03228,
1754104155,-3.28375,0.77124,1.29863,0.74850,-0.64819,-0.11161,0.08448,-0.60476,0.61341,-0.05774,
1754104155,-3.30569,0.79562,1.29684,0.74866,-0.64632,-0.11715,0.08973,-0.61929,0.60605,-0.07316,
1754104155,-3.35070,0.84161,1.29300,0.75328,-0.63713,-0.12846,0.10066,-0.65310,0.58751,-0.05432,
1754104155,-3.37422,0.86481,1.29198,0.75910,-0.62820,-0.13390,0.10586,-0.66986,0.57832,-0.03926,
1754104155,-3.41931,0.90322,1.29189,0.77556,-0.60409,-0.14237,0.11540,-0.66791,0.51611,0.00030,
1754104155,-3.44120,0.92056,1.29296,0.77943,-0.59749,-0.14215,0.12368,-0.65565,0.49534,-0.00552,
1754104155,-3.48377,0.95165,1.29303,0.77513,-0.59677,-0.14756,0.14580,-0.64491,0.43484,0.00525,
1754104155,-3.50576,0.96775,1.29432,0.77248,-0.59605,-0.15330,0.15651,-0.62757,0.42373,0.04822,
1754104155,-3.54747,0.99641,1.29869,0.77331,-0.58787,-0.16551,0.17029,-0.61235,0.38813,0.07793,
1754104155,-3.56815,1.00956,1.30064,0.77543,-0.58115,-0.17163,0.17751,-0.62580,0.37159,0.05154,
1754104155,-3.61267,1.03626,1.30192,0.77502,-0.57165,-0.17846,0.20176,-0.65958,0.36416,-0.00215,
1754104155,-3.63525,1.04939,1.30136,0.77246,-0.56893,-0.18118,0.21632,-0.67610,0.37542,-0.02426,
1754104155,-3.68139,1.07620,1.29897,0.76130,-0.56810,-0.19251,0.24624,-0.69991,0.42485,-0.04871,
1754104155,-3.70551,1.09110,1.29718,0.75397,-0.56849,-0.20123,0.26047,-0.70539,0.45108,-0.05047,
1754104156,-3.75189,1.12037,1.29499,0.74224,-0.56537,-0.21864,0.28572,-0.68725,0.45703,0.00062,
1754104156,-3.77533,1.13497,1.29461,0.73607,-0.56337,-0.22660,0.29909,-0.68627,0.44393,0.03989,
1754104156,-3.82263,1.16420,1.29725,0.72109,-0.55978,-0.24693,0.32511,-0.70727,0.42628,0.05477,
1754104156,-3.84695,1.17858,1.29901,0.71209,-0.55941,-0.25925,0.33583,-0.70065,0.40834,0.07828,
1754104156,-3.89401,1.20464,1.30529,0.69769,-0.55405,-0.28698,0.35200,-0.69761,0.35283,0.12214,
1754104156,-3.91837,1.21670,1.30879,0.69233,-0.54922,-0.29989,0.35932,-0.72014,0.31521,0.14183,
1754104156,-3.97155,1.23820,1.31770,0.68506,-0.53569,-0.31964,0.37625,-0.78088,0.23054,0.16304,
1754104156,-3.99907,1.24702,1.32277,0.68275,-0.52843,-0.32730,0.38404,-0.78829,0.18783,0.16805,
1754104156,-4.05255,1.25844,1.33348,0.67211,-0.52025,-0.34092,0.40172,-0.78346,0.09948,0.15076,
1754104156,-4.07907,1.26228,1.33854,0.66319,-0.51837,-0.34785,0.41289,-0.80137,0.06139,0.12822,
1754104156,-4.13085,1.26376,1.34695,0.65258,-0.50895,-0.36042,0.43036,-0.80109,-0.00834,0.09237,
1754104156,-4.15564,1.26251,1.34971,0.64872,-0.50352,-0.36613,0.43769,-0.78891,-0.03973,0.05819,
1754104156,-4.20650,1.25798,1.35057,0.63880,-0.49479,-0.37739,0.45244,-0.76086,-0.09682,-0.01602,
1754104156,-4.23069,1.25419,1.34949,0.63321,-0.49015,-0.38378,0.45990,-0.75897,-0.12797,-0.05842,
1754104156,-4.27983,1.24296,1.34456,0.62125,-0.48030,-0.39634,0.47570,-0.76402,-0.19174,-0.09232,
1754104156,-4.30363,1.23552,1.34124,0.61585,-0.47399,-0.40159,0.48455,-0.76902,-0.22455,-0.10291,
1754104156,-4.35451,1.21903,1.33348,0.61585,-0.45005,-0.40998,0.50010,-0.74456,-0.28460,-0.11368,
1754104156,-4.37686,1.20915,1.32931,0.62078,-0.43508,-0.41086,0.50649,-0.67990,-0.30353,-0.10295,
1754104156,-4.42084,1.18938,1.32014,0.62200,-0.41590,-0.41181,0.52015,-0.64849,-0.31584,-0.17002,
1754104156,-4.44438,1.17854,1.31532,0.61342,-0.41184,-0.41974,0.52718,-0.68239,-0.35516,-0.16022,
1754104157,-4.48921,1.15274,1.30636,0.58314,-0.40944,-0.44169,0.54518,-0.69106,-0.41290,-0.09434,
1754104157,-4.51008,1.13796,1.30406,0.57644,-0.40175,-0.45110,0.55029,-0.67733,-0.45152,-0.05401,
1754104157,-4.55484,1.10422,1.30090,0.55470,-0.38748,-0.47378,0.56365,-0.69217,-0.55404,-0.03586,
1754104157,-4.57703,1.08476,1.29926,0.54104,-0.37992,-0.48501,0.57245,-0.70079,-0.60354,-0.04068,
1754104157,-4.62064,1.04143,1.29574,0.51663,-0.36041,-0.50429,0.59067,-0.66520,-0.66680,-0.04228,
1754104157,-4.64028,1.01837,1.29320,0.50121,-0.35146,-0.51378,0.60108,-0.64590,-0.68652,-0.05778,
1754104157,-4.67764,0.97145,1.28853,0.46678,-0.33295,-0.53231,0.62283,-0.60893,-0.70516,-0.06179,
1754104157,-4.69525,0.94639,1.28599,0.44891,-0.32301,-0.54093,0.63367,-0.60409,-0.71555,-0.06603,
1754104157,-4.73233,0.89863,1.28048,0.41331,-0.30222,-0.55585,0.65488,-0.62721,-0.73324,-0.07551,
1754104157,-4.74919,0.87436,1.27804,0.39730,-0.29067,-0.56212,0.66459,-0.63499,-0.74903,-0.06713,
1754104157,-4.79209,0.82300,1.27488,0.36416,-0.27025,-0.57235,0.68320,-0.63987,-0.75752,-0.03036,
1754104157,-4.81041,0.79909,1.27525,0.34688,-0.26007,-0.57642,0.69266,-0.62610,-0.74243,-0.00155,
1754104157,-4.84824,0.75239,1.27817,0.31687,-0.23941,-0.58722,0.70530,-0.58888,-0.68530,0.05265,
1754104157,-4.86580,0.73114,1.28181,0.30542,-0.22772,-0.59374,0.70876,-0.55893,-0.65170,0.09928,
1754104157,-4.89761,0.68979,1.29030,0.28638,-0.19959,-0.60299,0.71732,-0.48654,-0.66067,0.10985,
1754104157,-4.91359,0.66863,1.29434,0.27377,-0.18805,-0.60669,0.72223,-0.45960,-0.68032,0.08434,
1754104157,-4.94227,0.62372,1.29954,0.25378,-0.16688,-0.61289,0.72946,-0.39184,-0.69143,0.04329,
1754104157,-4.95505,0.60153,1.30135,0.24018,-0.15859,-0.61759,0.73195,-0.35687,-0.66984,0.04008,
1754104157,-4.97776,0.55720,1.30338,0.21555,-0.13912,-0.62458,0.73762,-0.30478,-0.67002,0.01679,
1754104157,-4.98750,0.53627,1.30327,0.20672,-0.12928,-0.62552,0.74113,-0.28542,-0.67947,-0.00655,
1754104158,-5.00684,0.49101,1.29999,0.18786,-0.11412,-0.62806,0.74647,-0.26208,-0.68768,-0.05887,
1754104158,-5.01456,0.47072,1.29664,0.17863,-0.10823,-0.62933,0.74855,-0.24732,-0.68413,-0.07937,
1754104158,-5.03042,0.42565,1.28899,0.16006,-0.09631,-0.63244,0.75175,-0.22799,-0.71446,-0.10460,
1754104158,-5.03635,0.40346,1.28453,0.15254,-0.08950,-0.63295,0.75372,-0.21920,-0.72952,-0.10670,
1754104158,-5.04841,0.35625,1.27813,0.14260,-0.07463,-0.62886,0.76068,-0.19851,-0.74232,-0.06798,
1754104158,-5.05439,0.33165,1.27557,0.13725,-0.06966,-0.62720,0.76350,-0.18942,-0.74196,-0.05241,
1754104158,-5.06563,0.28362,1.27326,0.13097,-0.06079,-0.62841,0.76437,-0.16513,-0.70642,-0.02259,
1754104158,-5.07105,0.25974,1.27270,0.12362,-0.05514,-0.63163,0.76336,-0.15670,-0.69445,0.01406,
1754104158,-5.08279,0.21261,1.27568,0.11203,-0.04711,-0.63282,0.76471,-0.16943,-0.67450,0.08122,
1754104158,-5.08951,0.18945,1.27740,0.10621,-0.04634,-0.63369,0.76486,-0.18384,-0.64698,0.05063,
1754104158,-5.10347,0.14662,1.27958,0.08906,-0.04894,-0.63996,0.76166,-0.21019,-0.60592,0.02751,
1754104158,-5.11042,0.12551,1.28060,0.08420,-0.04822,-0.64127,0.76116,-0.21209,-0.61289,0.03453,
1754104158,-5.12638,0.08001,1.28208,0.07693,-0.04513,-0.64112,0.76224,-0.22132,-0.62605,0.02728,
1754104158,-5.13401,0.05857,1.28287,0.07346,-0.04258,-0.64106,0.76278,-0.22883,-0.62460,0.01493,
1754104158,-5.15257,0.00977,1.28256,0.07233,-0.03490,-0.63877,0.76519,-0.23883,-0.66488,0.00376,
1754104158,-5.16048,-0.01232,1.28275,0.06812,-0.03233,-0.63783,0.76648,-0.24038,-0.69180,0.00304,
1754104158,-5.17943,-0.06522,1.28219,0.05977,-0.02623,-0.63456,0.77011,-0.24212,-0.74897,0.00696,
1754104158,-5.18691,-0.08881,1.28298,0.05519,-0.02327,-0.63218,0.77250,-0.24331,-0.74953,0.01975,
1754104158,-5.20485,-0.14198,1.28493,0.04298,-0.01731,-0.62826,0.77662,-0.24740,-0.76924,0.04126,
1754104158,-5.21243,-0.16754,1.28676,0.03705,-0.01329,-0.62766,0.77749,-0.24039,-0.77308,0.05331,
1754104159,-5.22853,-0.21940,1.29068,0.02371,-0.00591,-0.63443,0.77259,-0.22774,-0.74249,0.07920,
1754104159,-5.23479,-0.24362,1.29323,0.01867,-0.00044,-0.63628,0.77123,-0.20422,-0.73692,0.09547,
1754104159,-5.24644,-0.29432,1.29724,0.00621,0.00736,-0.63976,0.76851,-0.15115,-0.75051,0.04472,
1754104159,-5.25074,-0.31811,1.29862,0.00166,0.00965,-0.64163,0.76695,-0.14140,-0.73441,0.03021,
1754104159,-5.25997,-0.36633,1.29963,-0.00634,0.01430,-0.64698,0.76235,-0.13779,-0.69645,0.02675,
1754104159,-5.26403,-0.38906,1.30005,-0.01009,0.01779,-0.64884,0.76065,-0.12661,-0.69946,0.02071,
1754104159,-5.27133,-0.43743,1.29992,-0.01310,0.02237,-0.65157,0.75815,-0.10218,-0.72341,0.00426,
1754104159,-5.27444,-0.46187,1.29929,-0.01259,0.02280,-0.65287,0.75702,-0.09856,-0.73213,-0.02204,
1754104159,-5.28056,-0.51377,1.29552,-0.01634,0.02218,-0.65486,0.75525,-0.08380,-0.77106,-0.06955,
1754104159,-5.28274,-0.53913,1.29309,-0.01853,0.02169,-0.65604,0.75419,-0.07741,-0.78954,-0.07008,
1754104159,-5.28783,-0.59317,1.28980,-0.02042,0.02276,-0.65727,0.75303,-0.07236,-0.82038,-0.03669,
1754104159,-5.29072,-0.62197,1.28906,-0.02035,0.02367,-0.65510,0.75489,-0.06463,-0.83323,-0.01500,
1754104159,-5.29548,-0.68098,1.28996,-0.01822,0.02400,-0.64973,0.75957,-0.06431,-0.83540,0.03690,
1754104159,-5.29839,-0.70927,1.29137,-0.01832,0.02302,-0.64940,0.75987,-0.07133,-0.82622,0.05318,
1754104159,-5.30394,-0.76600,1.29639,-0.01709,0.02421,-0.64999,0.75936,-0.07309,-0.80477,0.08833,
1754104159,-5.30707,-0.79312,1.29953,-0.01770,0.02410,-0.64884,0.76034,-0.08759,-0.78974,0.09365,
1754104159,-5.31499,-0.84635,1.30351,-0.01025,0.01999,-0.64842,0.76095,-0.11391,-0.76457,0.01753,
1754104159,-5.31895,-0.87182,1.30253,-0.01146,0.01708,-0.65312,0.75697,-0.12444,-0.74449,-0.01585,
1754104159,-5.32838,-0.92607,1.30084,-0.01254,0.01431,-0.65890,0.75199,-0.12169,-0.75831,-0.03532,
1754104159,-5.33158,-0.95153,1.29915,-0.01360,0.01408,-0.66040,0.75065,-0.10900,-0.77940,-0.05092,
1754104160,-5.33689,-1.00443,1.29443,-0.01896,0.01562,-0.66399,0.74734,-0.09460,-0.80085,-0.08207,
1754104160,-5.33879,-1.03432,1.29088,-0.02260,0.01788,-0.66540,0.74593,-0.08409,-0.81745,-0.07856,
1754104160,-5.34234,-1.09128,1.28780,-0.02894,0.02543,-0.66236,0.74819,-0.05547,-0.85856,-0.04639,
1754104160,-5.34274,-1.12686,1.28795,-0.03200,0.03072,-0.65960,0.75031,-0.04031,-0.87309,-0.01291,
1754104160,-5.34506,-1.19148,1.29076,-0.04158,0.04279,-0.65114,0.75661,-0.03598,-0.86451,0.04865,
1754104160,-5.34548,-1.21882,1.29329,-0.04813,0.04986,-0.64816,0.75834,-0.03158,-0.86629,0.07329,
1754104160,-5.34603,-1.27865,1.30339,-0.05782,0.07009,-0.64265,0.76075,-0.01422,-0.86141,0.14962,
1754104160,-5.34470,-1.30612,1.31111,-0.06386,0.08273,-0.64089,0.76048,0.01351,-0.85346,0.17675,
1754104160,-5.33969,-1.36038,1.32445,-0.07736,0.10626,-0.63633,0.76014,0.10271,-0.81912,0.17230,
1754104160,-5.33339,-1.38075,1.33059,-0.08452,0.11733,-0.63364,0.75999,0.14108,-0.77224,0.15167,
1754104160,-5.32022,-1.42407,1.33840,-0.10037,0.14048,-0.62924,0.75780,0.19951,-0.68306,0.08537,
1754104160,-5.31159,-1.44682,1.34058,-0.11167,0.15192,-0.62848,0.75463,0.23440,-0.65934,0.05445,
1754104160,-5.29419,-1.49174,1.34214,-0.12426,0.17114,-0.61931,0.75612,0.24531,-0.63088,-0.00799,
1754104160,-5.28592,-1.51447,1.34122,-0.13128,0.17494,-0.61667,0.75623,0.22067,-0.63299,-0.04386,
1754104160,-5.27386,-1.55962,1.33644,-0.14338,0.17270,-0.61476,0.75610,0.13704,-0.66586,-0.09505,
1754104160,-5.27072,-1.58303,1.33311,-0.14706,0.16813,-0.61525,0.75602,0.08271,-0.69119,-0.10065,
1754104160,-5.27112,-1.63387,1.32604,-0.15075,0.15188,-0.61924,0.75548,-0.05959,-0.74380,-0.07084,
1754104160,-5.27574,-1.65781,1.32361,-0.14849,0.14077,-0.62009,0.75738,-0.13061,-0.76709,-0.04751,
1754104160,-5.29080,-1.71004,1.31941,-0.14465,0.11429,-0.62835,0.75577,-0.25907,-0.81337,-0.00975,
1754104160,-5.30252,-1.73557,1.31740,-0.13391,0.10188,-0.63173,0.75671,-0.32189,-0.80577,0.00823,
1754104161,-5.32875,-1.78495,1.31887,-0.10324,0.07834,-0.63376,0.76260,-0.38655,-0.75194,0.08227,
1754104161,-5.34343,-1.80709,1.31992,-0.08713,0.06720,-0.63165,0.76741,-0.39960,-0.71724,0.08180,
1754104161,-5.37161,-1.85211,1.32179,-0.05317,0.04325,-0.62984,0.77370,-0.40971,-0.64765,0.01340,
1754104161,-5.38648,-1.87329,1.31996,-0.03779,0.03176,-0.63198,0.77341,-0.41396,-0.62083,-0.02838,
1754104161,-5.41288,-1.91377,1.31469,-0.01464,0.01092,-0.63724,0.77045,-0.37153,-0.62185,-0.08029,
1754104161,-5.42452,-1.93540,1.31083,-0.00500,0.00234,-0.63912,0.76909,-0.33982,-0.64367,-0.11052,
1754104161,-5.44368,-1.98207,1.30183,0.00926,-0.01011,-0.64287,0.76585,-0.28237,-0.68372,-0.15223,
1754104161,-5.45023,-2.00683,1.29690,0.01319,-0.01452,-0.64557,0.76345,-0.25051,-0.71620,-0.16361,
1754104161,-5.46333,-2.05737,1.28738,0.02251,-0.01851,-0.64743,0.76157,-0.21032,-0.78677,-0.14041,
1754104161,-5.46912,-2.08341,1.28438,0.02235,-0.01988,-0.64786,0.76117,-0.20466,-0.81410,-0.11579,
1754104161,-5.48146,-2.13750,1.28196,0.02249,-0.02158,-0.64467,0.76383,-0.21449,-0.82279,-0.02562,
1754104161,-5.48811,-2.16440,1.28239,0.02174,-0.02234,-0.64219,0.76591,-0.21504,-0.83653,-0.00199,
1754104161,-5.50098,-2.21940,1.28566,0.02132,-0.02072,-0.64086,0.76708,-0.20735,-0.83503,0.05330,
1754104161,-5.50739,-2.24574,1.28811,0.02219,-0.01751,-0.64154,0.76657,-0.21082,-0.79343,0.10048,
1754104161,-5.51969,-2.29623,1.29717,0.02521,-0.00780,-0.63933,0.76848,-0.17247,-0.77923,0.13195,
1754104161,-5.52542,-2.32311,1.30030,0.02644,-0.00407,-0.63844,0.76920,-0.14702,-0.78431,0.10959,
1754104161,-5.53446,-2.37454,1.30524,0.02876,0.00160,-0.63830,0.76925,-0.12822,-0.73101,0.06129,
1754104161,-5.53897,-2.39949,1.30632,0.02651,0.00368,-0.63901,0.76873,-0.11791,-0.71217,0.04115,
1754104161,-5.54623,-2.44799,1.30641,0.02533,0.00640,-0.63824,0.76939,-0.09354,-0.72642,-0.02588,
1754104161,-5.54970,-2.47319,1.30505,0.02363,0.00621,-0.63886,0.76893,-0.08862,-0.73985,-0.05841,
1754104162,-5.55602,-2.52578,1.29954,0.01867,0.00272,-0.64137,0.76700,-0.08507,-0.76995,-0.10247,
1754104162,-5.55910,-2.55256,1.29640,0.01701,0.00056,-0.64224,0.76631,-0.07897,-0.79183,-0.10646,
1754104162,-5.56461,-2.60993,1.29057,0.01355,-0.00368,-0.64202,0.76656,-0.07527,-0.82048,-0.07115,
1754104162,-5.56747,-2.63785,1.28954,0.01428,-0.00514,-0.63875,0.76926,-0.07374,-0.82446,-0.03630,
1754104162,-5.57188,-2.69596,1.28937,0.01451,-0.00864,-0.63479,0.77250,-0.05788,-0.84666,0.00402,
1754104162,-5.57350,-2.72365,1.29015,0.01596,-0.01036,-0.63496,0.77231,-0.05477,-0.83957,0.02422,
1754104162,-5.57775,-2.78232,1.29419,0.01959,-0.01232,-0.63611,0.77125,-0.06122,-0.81089,0.10547,
1754104162,-5.58045,-2.80959,1.29817,0.01786,-0.01365,-0.63476,0.77238,-0.07281,-0.80001,0.13456,
1754104162,-5.58683,-2.86635,1.30632,0.01854,-0.01659,-0.63106,0.77533,-0.09396,-0.78311,0.10419,
1754104162,-5.59041,-2.89383,1.30884,0.01867,-0.01845,-0.63140,0.77502,-0.10690,-0.77159,0.05986,
1754104162,-5.59915,-2.94991,1.31057,0.01571,-0.02034,-0.63128,0.77513,-0.12653,-0.78629,0.01178,
1754104162,-5.60325,-2.97702,1.31058,0.01203,-0.02171,-0.63081,0.77554,-0.13120,-0.80433,-0.01667,
1754104162,-5.61197,-3.03384,1.30667,0.00677,-0.02181,-0.63189,0.77472,-0.14471,-0.84089,-0.07210,
1754104162,-5.61655,-3.06194,1.30406,0.00663,-0.02017,-0.63122,0.77532,-0.15084,-0.85734,-0.07650,
1754104162,-5.62625,-3.12396,1.29920,0.00205,-0.01659,-0.63112,0.77551,-0.15195,-0.90008,-0.06247,
1754104162,-5.63088,-3.15382,1.29787,-0.00071,-0.01416,-0.63020,0.77630,-0.14819,-0.89847,-0.03997,
1754104162,-5.63979,-3.21551,1.29697,-0.00791,-0.00760,-0.62835,0.77785,-0.14169,-0.86701,0.01034,
1754104162,-5.64445,-3.24376,1.29784,-0.00937,-0.00177,-0.62835,0.77787,-0.13526,-0.85444,0.04526,
1754104162,-5.65246,-3.30346,1.30343,-0.01086,0.01561,-0.62828,0.77776,-0.09958,-0.86806,0.10169,
1754104162,-5.65527,-3.33147,1.30643,-0.01404,0.02387,-0.62899,0.77692,-0.07970,-0.86135,0.09629,
1754104163,-5.66066,-3.39047,1.31145,-0.01886,0.03350,-0.63228,0.77378,-0.06840,-0.80210,0.05533,
1754104163,-5.66348,-3.41758,1.31230,-0.02137,0.03761,-0.63536,0.77101,-0.05574,-0.76578,0.04202,
1754104163,-5.66762,-3.47249,1.31367,-0.02844,0.04318,-0.64048,0.76623,-0.04473,-0.79347,0.00774,
1754104163,-5.66910,-3.50000,1.31385,-0.03218,0.04454,-0.64167,0.76501,-0.02655,-0.81997,0.00384,
1754104163,-5.67075,-3.55883,1.31407,-0.03908,0.04609,-0.64101,0.76515,-0.00269,-0.86084,0.01307,
1754104163,-5.67095,-3.58792,1.31469,-0.04115,0.04830,-0.63834,0.76714,0.01844,-0.88426,0.01079,
1754104163,-5.67038,-3.65167,1.31748,-0.04440,0.05250,-0.63077,0.77292,0.05749,-0.91190,0.05440,
1754104163,-5.66891,-3.68243,1.32042,-0.04627,0.05707,-0.62487,0.77726,0.07749,-0.90604,0.07284,
1754104163,-5.66543,-3.74511,1.32644,-0.05350,0.05974,-0.61691,0.78294,0.06344,-0.89086,0.08378,
1754104163,-5.66341,-3.77433,1.32958,-0.05771,0.06108,-0.61665,0.78274,0.08264,-0.86768,0.08329,
1754104163,-5.65837,-3.83536,1.33651,-0.06682,0.06957,-0.61894,0.77950,0.09164,-0.85775,0.12027,
1754104163,-5.65523,-3.86342,1.34027,-0.07030,0.07319,-0.61717,0.78026,0.07893,-0.83500,0.13383,
1754104163,-5.65098,-3.92122,1.34788,-0.07687,0.07597,-0.61675,0.77971,0.07015,-0.81427,0.08116,
1754104163,-5.64907,-3.94881,1.34929,-0.08018,0.07883,-0.61821,0.77793,0.07594,-0.80950,0.04355,
1754104163,-5.64298,-4.00423,1.35122,-0.08886,0.08669,-0.61926,0.77531,0.10932,-0.81951,0.02026,
1754104163,-5.63856,-4.03117,1.35164,-0.09330,0.09122,-0.61806,0.77523,0.12655,-0.82243,0.00912,
1754104163,-5.62875,-4.08874,1.35156,-0.11096,0.09908,-0.61711,0.77269,0.14448,-0.83084,-0.00872,
1754104163,-5.62348,-4.11577,1.35153,-0.12075,0.10384,-0.61500,0.77228,0.14174,-0.83218,-0.00272,
1754104163,-5.61411,-4.17296,1.35379,-0.13950,0.11325,-0.60796,0.77337,0.11276,-0.82486,0.04621,
1754104163,-5.61022,-4.20135,1.35665,-0.14718,0.11750,-0.60379,0.77458,0.08951,-0.81176,0.06737,
1754104164,-5.60547,-4.25629,1.36191,-0.16377,0.12821,-0.60611,0.76771,0.05485,-0.78855,0.08331,
1754104164,-5.60318,-4.28276,1.36440,-0.16863,0.13814,-0.60852,0.76301,0.07789,-0.78192,0.10019,
1754104164,-5.59510,-4.33352,1.37253,-0.17893,0.15764,-0.60957,0.75601,0.15014,-0.71648,0.15948,
1754104164,-5.58910,-4.35976,1.37747,-0.18333,0.16488,-0.60758,0.75502,0.17768,-0.66522,0.15510,
1754104164,-5.57650,-4.40020,1.38579,-0.19324,0.17561,-0.60493,0.75225,0.19258,-0.55360,0.12472,
1754104164,-5.56966,-4.42038,1.38917,-0.19753,0.18026,-0.60258,0.75192,0.22521,-0.53515,0.09584,
1754104164,-5.55158,-4.46167,1.39693,-0.20738,0.18614,-0.59762,0.75179,0.31625,-0.52303,0.12138,
1754104164,-5.54069,-4.48076,1.40127,-0.21547,0.18841,-0.59627,0.75003,0.35910,-0.52071,0.11077,
1754104164,-5.51352,-4.52054,1.40987,-0.23230,0.19491,-0.59548,0.74395,0.44412,-0.52721,0.12571,
1754104164,-5.49795,-4.53862,1.41455,-0.23987,0.19899,-0.59414,0.74153,0.48534,-0.53108,0.14617,
1754104164,-5.46233,-4.57907,1.42619,-0.24849,0.20917,-0.58535,0.74288,0.56264,-0.54232,0.18400,
1754104164,-5.44241,-4.59996,1.43278,-0.25370,0.21313,-0.58079,0.74357,0.60100,-0.55079,0.20200,
1754104164,-5.39971,-4.63844,1.44656,-0.26220,0.22135,-0.57022,0.74640,0.66631,-0.54690,0.21199,
1754104164,-5.37610,-4.65932,1.45381,-0.26655,0.22540,-0.56342,0.74880,0.71006,-0.54339,0.20618,
1754104164,-5.32589,-4.69504,1.46657,-0.28081,0.23333,-0.55189,0.74975,0.79259,-0.51344,0.17605,
1754104164,-5.29791,-4.71391,1.47231,-0.29098,0.23573,-0.54994,0.74654,0.81762,-0.49216,0.13905,
1754104164,-5.24292,-4.74473,1.47883,-0.31131,0.24583,-0.55328,0.73248,0.82124,-0.42939,0.07744,
1754104164,-5.21800,-4.75621,1.48059,-0.32102,0.25139,-0.55317,0.72647,0.77532,-0.39226,0.09660,
1754104164,-5.16865,-4.78059,1.48614,-0.33187,0.25753,-0.54732,0.72387,0.72325,-0.36269,0.05931,
1754104164,-5.14491,-4.79079,1.48729,-0.33561,0.26400,-0.54680,0.72020,0.73541,-0.35348,0.02423,
1754104165,-5.09517,-4.81229,1.48890,-0.34147,0.28020,-0.54298,0.71418,0.76306,-0.33065,0.02632,
1754104165,-5.06951,-4.82461,1.48968,-0.34754,0.28704,-0.54164,0.70954,0.76956,-0.32003,0.03846,
1754104165,-5.01797,-4.84530,1.49170,-0.35753,0.29850,-0.53506,0.70483,0.78862,-0.31277,0.02466,
1754104165,-4.99139,-4.85624,1.49224,-0.36276,0.30487,-0.53176,0.70192,0.80563,-0.32185,0.02693,
1754104165,-4.93763,-4.87655,1.49556,-0.37527,0.31860,-0.52471,0.69451,0.81339,-0.32976,0.06019,
1754104165,-4.91046,-4.88775,1.49787,-0.38064,0.32551,-0.51890,0.69274,0.81840,-0.32025,0.07529,
1754104165,-4.85739,-4.90541,1.50391,-0.39297,0.33520,-0.50993,0.68789,0.77450,-0.27282,0.08485,
1754104165,-4.83197,-4.91303,1.50600,-0.39937,0.34229,-0.50801,0.68211,0.78900,-0.25309,0.08424,
1754104165,-4.77738,-4.92666,1.51294,-0.41128,0.35754,-0.50005,0.67302,0.83003,-0.19239,0.10830,
1754104165,-4.75008,-4.93218,1.51583,-0.41654,0.36237,-0.49725,0.66927,0.81180,-0.14758,0.06389,
1754104165,-4.69627,-4.93960,1.51758,-0.43021,0.36899,-0.49786,0.65643,0.76909,-0.07370,-0.00865,
1754104165,-4.67115,-4.94100,1.51674,-0.43814,0.37186,-0.49848,0.64905,0.77604,-0.04570,-0.03653,
1754104165,-4.61870,-4.94141,1.51374,-0.45089,0.37786,-0.49415,0.64011,0.80635,0.00649,-0.06549,
1754104165,-4.59244,-4.94019,1.51149,-0.45855,0.37953,-0.49183,0.63545,0.81226,0.02831,-0.09200,
1754104165,-4.53857,-4.93598,1.50407,-0.47336,0.38183,-0.48798,0.62611,0.81657,0.07103,-0.14484,
1754104165,-4.51011,-4.93396,1.50006,-0.48030,0.38232,-0.48622,0.62187,0.82101,0.08447,-0.16511,
1754104165,-4.45176,-4.92859,1.49231,-0.49143,0.38001,-0.47635,0.62224,0.82085,0.11017,-0.14623,
1754104165,-4.42187,-4.92784,1.48721,-0.49563,0.37798,-0.47000,0.62497,0.81043,0.11320,-0.14163,
1754104165,-4.36515,-4.92188,1.47859,0.50584,-0.37386,0.46888,-0.62008,0.79251,0.12204,-0.16012,
1754104165,-4.33874,-4.91803,1.47247,0.51085,-0.37324,0.47335,-0.61291,0.77877,0.12428,-0.15543,
1754104166,-4.28618,-4.90975,1.46324,0.51415,-0.37584,0.47909,-0.60404,0.73192,0.13168,-0.13137,
1754104166,-4.26330,-4.90470,1.45819,0.51536,-0.37780,0.48453,-0.59741,0.71231,0.13744,-0.11318,
1754104166,-4.21343,-4.89448,1.45046,0.51418,-0.38610,0.48904,-0.58939,0.74453,0.16096,-0.06137,
1754104166,-4.18906,-4.88872,1.44781,0.51657,-0.39106,0.49039,-0.58287,0.75652,0.17503,-0.05617,
1754104166,-4.13617,-4.87609,1.44254,0.52168,-0.39835,0.49041,-0.57329,0.75631,0.18574,-0.07974,
1754104166,-4.10761,-4.86978,1.43951,0.52527,-0.40138,0.49056,-0.56775,0.74652,0.17235,-0.10232,
1754104166,-4.05524,-4.85993,1.43232,0.53054,-0.40806,0.48733,-0.56082,0.74992,0.12671,-0.12035,
1754104166,-4.03001,-4.85629,1.42802,0.53249,-0.41125,0.48479,-0.55884,0.76237,0.10324,-0.12895,
1754104166,-3.97218,-4.85146,1.41859,0.53436,-0.41845,0.47516,-0.55998,0.81141,0.07132,-0.15288,
1754104166,-3.94542,-4.84996,1.41361,0.53509,-0.42106,0.46879,-0.56270,0.82277,0.05830,-0.15348,
1754104166,-3.88851,-4.84921,1.40543,0.53236,-0.42198,0.44866,-0.58071,0.80386,0.03929,-0.12427,
1754104166,-3.86242,-4.84993,1.40175,0.53262,-0.42202,0.43876,-0.58796,0.79939,0.02737,-0.13310,
1754104166,-3.81334,-4.85093,1.39274,0.53765,-0.42599,0.43091,-0.58634,0.80822,0.03306,-0.16711,
1754104166,-3.78548,-4.84843,1.38611,0.54042,-0.43101,0.43323,-0.57835,0.80653,0.05513,-0.17951,
1754104166,-3.73826,-4.84205,1.37765,0.54776,-0.44217,0.42900,-0.56604,0.81746,0.13431,-0.11756,
1754104166,-3.70999,-4.83635,1.37322,0.55101,-0.44839,0.42916,-0.55781,0.83127,0.17059,-0.10894,
1754104166,-3.65679,-4.82261,1.36666,0.55540,-0.46624,0.43003,-0.53780,0.81750,0.19991,-0.08046,
1754104166,-3.63195,-4.81515,1.36431,0.55697,-0.47617,0.42996,-0.52743,0.81700,0.20398,-0.05146,
1754104166,-3.58100,-4.80110,1.36263,0.56247,-0.48779,0.42728,-0.51295,0.83552,0.19989,-0.00502,
1754104166,-3.55258,-4.79441,1.36243,0.56558,-0.49020,0.42561,-0.50861,0.85400,0.19189,0.00390,
1754104167,-3.49550,-4.78266,1.36177,0.57157,-0.49232,0.42795,-0.49778,0.87693,0.16344,-0.03110,
1754104167,-3.46582,-4.77741,1.36031,0.57457,-0.49356,0.43080,-0.49059,0.88970,0.14966,-0.04366,
1754104167,-3.41338,-4.76880,1.35637,0.57916,-0.49404,0.43366,-0.48212,0.88472,0.10579,-0.08270,
1754104167,-3.38422,-4.76613,1.35330,0.57956,-0.49252,0.43542,-0.48160,0.87505,0.07600,-0.09567,
1754104167,-3.32741,-4.76357,1.34620,0.57582,-0.48783,0.44000,-0.48668,0.85650,0.01553,-0.11396,
1754104167,-3.30028,-4.76470,1.34255,0.57103,-0.48475,0.44749,-0.48856,0.83264,-0.02840,-0.10436,
1754104167,-3.24398,-4.77104,1.33598,0.55308,-0.48006,0.46546,-0.49699,0.78692,-0.10654,-0.06151,
1754104167,-3.21950,-4.77729,1.33405,0.54248,-0.47758,0.46975,-0.50692,0.76344,-0.15258,-0.01844,
1754104167,-3.17171,-4.79238,1.33548,0.51752,-0.46680,0.47666,-0.53578,0.72491,-0.23406,0.03908,
1754104167,-3.14732,-4.80169,1.33563,0.50457,-0.46226,0.48268,-0.54658,0.71765,-0.25298,0.00901,
1754104167,-3.09797,-4.81976,1.33627,-0.48691,0.45395,-0.49702,0.55662,0.73543,-0.26460,0.03633,
1754104167,-3.07150,-4.82906,1.33634,-0.47915,0.44974,-0.49802,0.56579,0.76369,-0.25450,0.02805,
1754104167,-3.01829,-4.84594,1.33985,-0.46865,0.44015,-0.49502,0.58446,0.80372,-0.23866,0.09330,
1754104167,-2.99099,-4.85383,1.34345,-0.46646,0.43507,-0.49098,0.59335,0.82943,-0.22805,0.11881,
1754104167,-2.93278,-4.86871,1.35077,-0.46616,0.42501,-0.47860,0.61074,0.88487,-0.20544,0.16733,
1754104168,-2.66959,-4.90933,1.42584,0.51119,-0.39513,0.44824,-0.61777,0.83072,-0.06488,0.22714,
1754104168,-2.54092,-4.90944,1.44234,0.52679,-0.40859,0.45130,-0.59319,0.78854,-0.07253,-0.07999,
1754104168,-2.51651,-4.90059,1.43789,0.52658,-0.41280,0.45329,-0.58893,0.78370,-0.05844,-0.16337,
1754104168,-2.49146,-4.89769,1.43177,0.52595,-0.41789,0.45745,-0.58265,0.78466,-0.05180,-0.24487,
1754104168,-2.46537,-4.89996,1.42307,0.52433,-0.42286,0.46109,-0.57764,0.77849,-0.05361,-0.30180,
1754104168,-2.44025,-4.89749,1.41311,0.52334,-0.42654,0.46464,-0.57297,0.77174,-0.04460,-0.33973,
1754104168,-2.41130,-4.89958,1.40269,0.52161,-0.42885,0.46827,-0.56985,0.77264,-0.04503,-0.34067,
1754104168,-2.10470,-4.91331,1.34847,-0.49938,0.45280,-0.47373,0.56672,0.82211,-0.05608,0.01624,
1754104168,-1.97479,-4.91763,1.36327,0.51340,-0.46011,0.45517,-0.56351,0.90526,0.00411,0.04727,
1754104168,-1.93568,-4.91796,1.36753,0.52069,-0.46308,0.45083,-0.55784,0.92851,0.02152,0.04643,
1754104168,-1.90061,-4.91605,1.36888,0.52934,-0.46590,0.44409,-0.55274,0.95058,0.05312,0.05313,
1754104168,-1.86864,-4.91245,1.37068,0.53827,-0.46758,0.43414,-0.55060,0.96509,0.09143,0.06787,
1754104169,-1.83629,-4.90809,1.37384,0.54894,-0.46824,0.42283,-0.54830,0.94197,0.12400,0.10813,
1754104169,-1.80141,-4.90366,1.37778,0.55977,-0.46866,0.40786,-0.54833,0.90682,0.16309,0.13347,
1754104169,-1.77214,-4.89781,1.38328,0.57169,-0.47028,0.39573,-0.54351,0.85715,0.19757,0.14649,
1754104169,-1.74205,-4.89103,1.38890,0.58124,-0.47463,0.38311,-0.53862,0.81788,0.24437,0.16055,
1754104169,-1.71198,-4.88208,1.39364,0.59022,-0.48385,0.37087,-0.52913,0.80930,0.33134,0.13976,
1754104169,-1.68648,-4.87102,1.39770,0.60013,-0.49575,0.35900,-0.51498,0.76903,0.41370,0.13361,
1754104169,-1.66358,-4.85589,1.40135,0.61118,-0.50645,0.34827,-0.49868,0.70908,0.48755,0.13119,
1754104169,-1.63960,-4.83883,1.40495,0.62148,-0.51611,0.33810,-0.48278,0.65081,0.54428,0.11724,
1754104169,-1.61750,-4.82014,1.40790,0.63059,-0.52512,0.32852,-0.46763,0.60065,0.59016,0.09409,
1754104169,-1.59713,-4.79996,1.41011,0.63998,-0.53435,0.31915,-0.45060,0.55937,0.62185,0.07270,
1754104169,-1.57772,-4.77889,1.41184,0.64951,-0.54281,0.30898,-0.43361,0.52773,0.63786,0.05426,
1754104169,-1.55842,-4.75741,1.41310,0.65762,-0.54991,0.29659,-0.42091,0.50192,0.64192,0.03986,
1754104169,-1.53938,-4.73572,1.41403,0.66533,-0.55469,0.28230,-0.41228,0.48290,0.64800,0.01921,
1754104169,-1.52122,-4.71393,1.41420,0.67319,-0.55871,0.26966,-0.40242,0.46881,0.65116,0.00321,
1754104169,-1.50317,-4.69194,1.41392,0.68070,-0.56276,0.25731,-0.39210,0.45658,0.65639,-0.02438,
1754104169,-1.48509,-4.66978,1.41318,0.68785,-0.56687,0.24653,-0.38044,0.44603,0.65937,-0.03960,
1754104169,-1.46816,-4.64753,1.41207,0.69420,-0.57128,0.23476,-0.36961,0.43673,0.66385,-0.04994,
1754104169,-1.45173,-4.62514,1.41105,0.70119,-0.57497,0.22343,-0.35751,0.43301,0.66816,-0.04582,
1754104169,-1.43604,-4.60273,1.41014,0.70792,-0.57856,0.21207,-0.34517,0.43179,0.67191,-0.04231,
1754104169,-1.42001,-4.58003,1.40939,0.71368,-0.58161,0.20029,-0.33507,0.43292,0.67145,-0.04455,
1754104169,-1.40346,-4.55777,1.40820,0.71709,-0.58725,0.19222,-0.32245,0.43419,0.65755,-0.04639,
1754104169,-1.38793,-4.53628,1.40645,0.71792,-0.59545,0.18662,-0.30855,0.42088,0.64978,-0.04694,
1754104169,-1.37408,-4.51511,1.40492,0.71839,-0.60353,0.17877,-0.29615,0.38943,0.64262,-0.01088,
1754104169,-1.36150,-4.49420,1.40493,0.72092,-0.60907,0.16982,-0.28368,0.35300,0.62773,0.03326,
1754104169,-1.34999,-4.47391,1.40640,0.72505,-0.61121,0.16031,-0.27392,0.31983,0.60344,0.07748,
1754104169,-1.33943,-4.45403,1.40881,0.72951,-0.61099,0.15003,-0.26835,0.28555,0.58071,0.08129,
1754104169,-1.32941,-4.43479,1.41094,0.73286,-0.61187,0.14290,-0.26098,0.25638,0.55945,0.06240,
1754104169,-1.32029,-4.41604,1.41186,0.73524,-0.61511,0.13926,-0.24834,0.23004,0.54573,0.03781,
1754104169,-1.31153,-4.39761,1.41238,0.73780,-0.61815,0.13582,-0.23473,0.21319,0.54643,0.03497,
1754104169,-1.30347,-4.37925,1.41225,0.74061,-0.61985,0.13051,-0.22419,0.20440,0.55974,0.02133,
1754104170,-1.29530,-4.36015,1.41205,0.74363,-0.62065,0.12492,-0.21497,0.20306,0.56910,0.00616,
1754104170,-1.28717,-4.34086,1.41165,0.74593,-0.62225,0.12066,-0.20453,0.20749,0.56829,-0.01127,
1754104170,-1.27904,-4.32186,1.41074,0.74787,-0.62394,0.11625,-0.19460,0.21551,0.56312,-0.02686,
1754104170,-1.27093,-4.30290,1.40943,0.74941,-0.62601,0.11263,-0.18386,0.22777,0.56579,-0.03955,
1754104170,-1.26279,-4.28434,1.40748,0.75046,-0.62848,0.10900,-0.17304,0.24538,0.57386,-0.04735,
1754104170,-1.25428,-4.26559,1.40557,0.75157,-0.63050,0.10531,-0.16282,0.26466,0.58308,-0.04077,
1754104170,-1.24482,-4.24653,1.40416,0.75358,-0.63071,0.10080,-0.15546,0.28731,0.59596,-0.03291,
1754104170,-1.23411,-4.22629,1.40294,0.75572,-0.63033,0.09669,-0.14906,0.31139,0.61165,-0.02661,
1754104170,-1.21179,-4.18519,1.40217,0.76143,-0.62646,0.08726,-0.14199,0.33994,0.62837,0.00066,
1754104170,-1.19926,-4.16382,1.40243,0.76511,-0.62315,0.08100,-0.14049,0.34316,0.63533,0.01243,
1754104170,-1.17698,-4.12257,1.40339,0.77125,-0.61630,0.06467,-0.14550,0.30071,0.63159,-0.00396,
1754104170,-1.16705,-4.10173,1.40248,0.77007,-0.61980,0.06113,-0.13822,0.27106,0.63151,-0.03101,
1754104170,-1.15230,-4.06112,1.39956,0.76794,-0.62746,0.04801,-0.11945,0.18328,0.65615,-0.04926,
1754104170,-1.14801,-4.03901,1.39749,0.76662,-0.63140,0.04294,-0.10860,0.13875,0.67769,-0.06431,
1754104170,-1.14261,-3.99606,1.39242,0.76299,-0.63897,0.03515,-0.09131,0.07104,0.68123,-0.06968,
1754104170,-1.14148,-3.97607,1.38989,0.76071,-0.64293,0.03030,-0.08394,0.04493,0.67000,-0.06026,
1754104170,-1.13884,-3.93046,1.38558,0.75821,-0.64817,0.01738,-0.06858,0.00407,0.69081,-0.06799,
1754104170,-1.13813,-3.90703,1.38263,0.75776,-0.64958,0.01161,-0.06099,-0.00971,0.70802,-0.09262,
1754104170,-1.13688,-3.85573,1.37433,0.75729,-0.65135,0.00503,-0.04729,-0.01825,0.75100,-0.14106,
1754104170,-1.13576,-3.82848,1.36915,0.75668,-0.65249,0.00299,-0.04108,-0.01909,0.77957,-0.15132,
1754104170,-1.13546,-3.77157,1.35996,0.75596,-0.65398,-0.00154,-0.02889,-0.03184,0.85059,-0.11945,
1754104170,-1.13609,-3.74145,1.35653,0.75621,-0.65390,-0.00434,-0.02338,-0.03961,0.88367,-0.08803,
1754104171,-1.13881,-3.68355,1.35355,0.76066,-0.64874,-0.01223,-0.01950,-0.05753,0.93094,-0.02428,
1754104171,-1.14014,-3.65093,1.35325,0.76257,-0.64648,-0.01550,-0.01780,-0.06287,0.95598,0.01438,
1754104171,-1.14249,-3.58162,1.35595,0.76362,-0.64501,-0.02242,-0.01846,-0.06473,0.98843,0.07654,
1754104171,-1.14458,-3.54781,1.35805,0.76205,-0.64678,-0.02621,-0.01628,-0.07299,0.97665,0.10952,
1754104171,-1.14944,-3.48279,1.36603,0.76329,-0.64503,-0.03413,-0.01260,-0.07644,0.92612,0.15389,
1754104171,-1.15086,-3.45015,1.36940,0.76406,-0.64402,-0.03629,-0.01184,-0.07252,0.90465,0.12322,
1754104171,-1.15626,-3.38994,1.37458,0.75902,-0.65014,-0.03463,-0.00201,-0.08504,0.86243,0.06181,
1754104171,-1.15941,-3.36144,1.37478,0.75763,-0.65174,-0.03490,0.00214,-0.10140,0.86721,0.03824,
1754104171,-1.16772,-3.30201,1.37544,0.75775,-0.65137,-0.03801,0.00922,-0.13733,0.89479,0.00130,
1754104171,-1.17262,-3.27322,1.37463,0.75854,-0.65027,-0.03980,0.01382,-0.14215,0.90090,-0.01566,
1754104171,-1.18201,-3.21168,1.37400,0.76152,-0.64623,-0.04522,0.02074,-0.14340,0.92487,-0.01616,
1754104171,-1.18678,-3.17839,1.37390,0.76301,-0.64405,-0.04834,0.02628,-0.15031,0.95061,-0.01508,
1754104171,-1.19742,-3.10996,1.37482,0.76831,-0.63629,-0.05943,0.03605,-0.18188,0.95424,0.02525,
1754104171,-1.20386,-3.07763,1.37660,0.77169,-0.63101,-0.06691,0.04299,-0.20727,0.93611,0.04644,
1754104171,-1.21970,-3.01716,1.38074,0.77140,-0.62767,-0.08640,0.05922,-0.28136,0.91149,0.05520,
1754104171,-1.22978,-2.98815,1.38268,0.76695,-0.63040,-0.09976,0.06655,-0.32620,0.88231,0.06178,
1754104171,-1.25670,-2.93202,1.38588,0.75936,-0.63215,-0.13200,0.07965,-0.43519,0.79912,0.03747,
1754104171,-1.27253,-2.90560,1.38639,0.75464,-0.63375,-0.14578,0.08731,-0.46789,0.73639,0.01977,
1754104171,-1.30503,-2.86240,1.38679,0.74626,-0.63580,-0.16755,0.10384,-0.51279,0.62122,0.00097,
1754104171,-1.32316,-2.84091,1.38630,0.74227,-0.63583,-0.17814,0.11412,-0.54816,0.60236,-0.02423,
1754104172,-1.36178,-2.80332,1.38233,0.73608,-0.63332,-0.19812,0.13354,-0.59601,0.56268,-0.07550,
1754104172,-1.38231,-2.78426,1.37899,0.73305,-0.63238,-0.20471,0.14427,-0.60646,0.54244,-0.09445,
1754104172,-1.42393,-2.74679,1.37163,0.72675,-0.63097,-0.21554,0.16508,-0.63241,0.53685,-0.11099,
1754104172,-1.44624,-2.72618,1.36790,0.72455,-0.62918,-0.22103,0.17406,-0.65720,0.55023,-0.11314,
1754104172,-1.49280,-2.68559,1.36122,0.72173,-0.62356,-0.23111,0.19202,-0.70302,0.55789,-0.08524,
1754104172,-1.51747,-2.66402,1.35915,0.72253,-0.61824,-0.23691,0.19901,-0.72970,0.55596,-0.07845,
1754104172,-1.56795,-2.62535,1.35511,0.72201,-0.61119,-0.24761,0.20936,-0.75293,0.51406,-0.06072,
1754104172,-1.59342,-2.60571,1.35409,0.71942,-0.61068,-0.25211,0.21437,-0.74032,0.49765,-0.06658,
1754104172,-1.64320,-2.57193,1.35232,0.70491,-0.61829,-0.25980,0.23093,-0.73723,0.45739,-0.02062,
1754104172,-1.66753,-2.55690,1.35172,0.69718,-0.62239,-0.26202,0.24064,-0.71450,0.44383,0.01110,
1754104172,-1.71396,-2.52581,1.35461,0.69406,-0.62200,-0.26505,0.24727,-0.66847,0.41133,0.03920,
1754104172,-1.73575,-2.51083,1.35575,0.69021,-0.62445,-0.26371,0.25324,-0.64839,0.39210,0.03756,
1754104172,-1.77928,-2.48237,1.35652,0.68269,-0.62880,-0.26051,0.26587,-0.64657,0.39569,0.02949,
1754104172,-1.80140,-2.46841,1.35669,0.68037,-0.63006,-0.25844,0.27080,-0.65071,0.41117,0.00673,
1754104172,-1.84441,-2.43828,1.35488,0.67442,-0.63322,-0.25445,0.28184,-0.63991,0.45051,-0.01200,
1754104172,-1.86579,-2.42280,1.35433,0.67321,-0.63384,-0.25077,0.28661,-0.62044,0.47191,-0.00918,
1754104172,-1.90539,-2.38781,1.35271,0.67476,-0.63249,-0.24011,0.29497,-0.59181,0.55239,-0.01089,
1754104172,-1.92499,-2.36833,1.35229,0.67841,-0.63021,-0.23380,0.29654,-0.57768,0.60236,-0.02656,
1754104172,-1.96135,-2.32366,1.35039,0.68723,-0.62622,-0.21749,0.29709,-0.50659,0.69592,-0.02848,
1754104172,-1.97628,-2.29975,1.34998,0.69199,-0.62482,-0.20655,0.29680,-0.45939,0.73605,-0.01323,
1754104173,-2.00433,-2.24731,1.34970,0.69927,-0.62606,-0.18289,0.29261,-0.36909,0.78334,-0.00892,
1754104173,-2.01438,-2.22080,1.34947,0.70467,-0.62766,-0.17197,0.28268,-0.30481,0.78365,-0.00193,
1754104173,-2.03150,-2.16563,1.34982,0.70995,-0.63722,-0.14523,0.26236,-0.17671,0.77759,0.04353,
1754104173,-2.03874,-2.13710,1.34968,0.71498,-0.64041,-0.13005,0.24852,-0.14703,0.75687,0.01679,
1754104173,-2.04698,-2.08493,1.34682,0.71940,-0.65154,-0.09369,0.22177,-0.05724,0.72471,-0.04484,
1754104173,-2.04872,-2.05902,1.34396,0.72067,-0.65697,-0.07500,0.20833,0.01644,0.72556,-0.04836,
1754104173,-2.04686,-2.00841,1.33619,0.72079,-0.66787,-0.02731,0.18348,0.10231,0.74330,-0.11097,
1754104173,-2.04539,-1.98135,1.33067,0.72343,-0.66994,-0.00270,0.16681,0.13825,0.74359,-0.13075,
1754104173,-2.03674,-1.92860,1.31983,0.72840,-0.67083,0.04690,0.13121,0.20931,0.72353,-0.14594,
1754104173,-2.03017,-1.90297,1.31374,0.73273,-0.66796,0.07082,0.10915,0.24657,0.70259,-0.15503,
1754104173,-2.01242,-1.85474,1.30332,0.74078,-0.65871,0.11744,0.05965,0.34385,0.62035,-0.14508,
1754104173,-2.00147,-1.83341,1.29813,0.74295,-0.65410,0.13893,0.02959,0.37985,0.57318,-0.13802,
1754104173,-1.97506,-1.79637,1.28769,0.73433,-0.65518,0.17651,-0.01869,0.44913,0.45936,-0.13005,
1754104173,-1.95996,-1.78134,1.28267,0.72579,-0.65938,0.19257,-0.03695,0.48259,0.41018,-0.11824,
1754104173,-1.92692,-1.75689,1.27586,0.71001,-0.66332,0.22049,-0.08533,0.50972,0.33567,-0.07589,
1754104173,-1.90993,-1.74637,1.27313,0.70292,-0.66372,0.23063,-0.11041,0.51775,0.29562,-0.06990,
1754104173,-1.87472,-1.72862,1.26680,0.68993,-0.66273,0.24997,-0.14933,0.51557,0.23726,-0.11125,
1754104173,-1.85769,-1.72255,1.26214,0.68253,-0.66246,0.26311,-0.16148,0.51486,0.20022,-0.13045,
1754104173,-1.82308,-1.71035,1.25205,0.67148,-0.65678,0.28447,-0.19191,0.52337,0.17948,-0.15644,
1754104173,-1.80698,-1.70936,1.24661,0.66740,-0.65311,0.29412,-0.20375,0.52938,0.16275,-0.15018,
1754104174,-1.77085,-1.69559,1.23882,0.66567,-0.64327,0.30517,-0.22353,0.54708,0.18759,-0.09269,
1754104174,-1.75277,-1.68857,1.23650,0.66315,-0.64046,0.30978,-0.23255,0.55082,0.18311,-0.04769,
1754104174,-1.71581,-1.67734,1.23608,0.66119,-0.63541,0.31146,-0.24914,0.56054,0.16296,-0.00175,
1754104174,-1.69714,-1.67286,1.23502,0.65919,-0.63547,0.31183,-0.25380,0.56319,0.16301,-0.00605,
1754104174,-1.66015,-1.66224,1.23616,0.65558,-0.63611,0.31334,-0.25961,0.56539,0.14258,-0.00575,
1754104174,-1.64156,-1.65701,1.23714,0.65234,-0.63722,0.31663,-0.26105,0.57163,0.13426,0.01996,
1754104174,-1.60405,-1.64724,1.24081,0.64837,-0.63979,0.31567,-0.26579,0.59929,0.15589,0.01844,
1754104174,-1.58415,-1.64218,1.24220,0.64835,-0.63952,0.30994,-0.27311,0.60741,0.15804,0.02831,
1754104174,-1.54343,-1.63249,1.24316,0.64546,-0.64163,0.30414,-0.28142,0.61558,0.13923,0.00519,
1754104174,-1.52454,-1.62933,1.24438,0.64311,-0.64243,0.30068,-0.28859,0.60456,0.11745,0.01182,
1754104174,-1.48414,-1.62305,1.24516,0.64180,-0.64051,0.29908,-0.29730,0.60931,0.10794,0.01614,
1754104174,-1.46434,-1.62178,1.24543,0.64266,-0.63814,0.29742,-0.30215,0.61050,0.10185,0.01445,
1754104174,-1.42664,-1.61749,1.24831,0.64620,-0.62883,0.29039,-0.32042,0.57524,0.06220,0.03696,
1754104174,-1.40815,-1.61202,1.25192,0.64626,-0.62546,0.29317,-0.32434,0.54472,0.04044,0.02909,
1754104174,-1.37684,-1.60273,1.26250,0.64548,-0.62190,0.29828,-0.32806,0.49719,0.02521,0.02807,
1754104174,-1.36097,-1.60007,1.26594,0.64563,-0.62041,0.29928,-0.32968,0.48780,0.03055,0.03412,
1754104174,-1.33372,-1.58955,1.27669,0.64375,-0.61784,0.29600,-0.34095,0.47444,0.06643,0.05145,
1754104174,-1.31843,-1.58662,1.27892,0.64420,-0.61759,0.29401,-0.34226,0.47792,0.09095,0.05337,
1754104174,-1.29026,-1.57882,1.28512,0.64820,-0.61744,0.28673,-0.34117,0.51640,0.15436,0.05151,
1754104174,-1.27296,-1.56704,1.28838,0.65139,-0.61765,0.28187,-0.33876,0.54437,0.19431,0.05245,
1754104175,-1.23715,-1.55045,1.29303,0.65923,-0.61916,0.26975,-0.33059,0.59745,0.24110,0.05860,
1754104175,-1.22219,-1.53956,1.29844,0.66334,-0.62028,0.26083,-0.32741,0.60692,0.25390,0.08584,
1754104175,-1.17962,-1.52690,1.30601,0.67122,-0.62318,0.24002,-0.32173,0.62679,0.22926,0.13478,
1754104175,-1.15964,-1.51890,1.31165,0.67627,-0.62487,0.22837,-0.31629,0.63533,0.24018,0.16765,
1754104175,-1.12592,-1.49303,1.32726,0.68494,-0.63051,0.19845,-0.30648,0.63305,0.29910,0.20916,
1754104175,-1.09860,-1.48913,1.33329,0.68720,-0.63435,0.18115,-0.30422,0.62630,0.28752,0.22123,
1754104175,-1.05927,-1.46553,1.34923,0.68819,-0.64464,0.14555,-0.29940,0.56924,0.29311,0.24628,
1754104175,-1.03928,-1.45824,1.35636,0.68937,-0.64957,0.12747,-0.29424,0.53503,0.30646,0.25442,
1754104175,-1.00711,-1.42917,1.37273,0.69521,-0.65134,0.09036,-0.29031,0.45736,0.36312,0.25280,
1754104175,-0.99223,-1.41759,1.38100,0.69817,-0.65013,0.07548,-0.29016,0.43211,0.38694,0.22940,
1754104175,-0.97451,-1.37623,1.39077,0.70465,-0.64940,0.05608,-0.28035,0.41104,0.47467,0.13693,
1754104175,-0.95664,-1.36468,1.39619,0.70808,-0.64857,0.04612,-0.27541,0.41454,0.50439,0.09606,
1754104175,-0.93925,-1.32268,1.39794,0.71600,-0.64690,0.02938,-0.26075,0.38051,0.58790,-0.00589,
1754104175,-0.93037,-1.30272,1.39668,0.72026,-0.64627,0.02322,-0.25105,0.36541,0.60823,-0.05603,
1754104175,-0.92297,-1.25777,1.38634,0.72806,-0.64682,0.02049,-0.22612,0.33263,0.64405,-0.17629,
1754104175,-0.90941,-1.23683,1.38093,0.73135,-0.64767,0.02378,-0.21232,0.34004,0.63847,-0.21466,
1754104175,-0.88814,-1.19364,1.36588,0.73627,-0.64954,0.03659,-0.18617,0.34829,0.59391,-0.23727,
1754104175,-0.87506,-1.17461,1.35847,0.73779,-0.65062,0.04672,-0.17374,0.36888,0.56064,-0.22989,
1754104175,-0.84977,-1.13776,1.34234,0.72966,-0.66248,0.06482,-0.15655,0.39631,0.52582,-0.24164,
1754104175,-0.83744,-1.12155,1.33325,0.72210,-0.67236,0.07311,-0.14546,0.41138,0.51232,-0.23476,
1754104176,-0.80938,-1.08856,1.31838,0.70959,-0.68604,0.08239,-0.13800,0.45508,0.49215,-0.20549,
1754104176,-0.79499,-1.07357,1.31034,0.70023,-0.69583,0.08785,-0.13334,0.46854,0.48335,-0.20094,
1754104176,-0.76481,-1.04385,1.29641,0.68335,-0.71362,0.09345,-0.12270,0.49183,0.50506,-0.17128,
1754104176,-0.74819,-1.02648,1.28999,0.67885,-0.71827,0.09131,-0.12210,0.49897,0.53976,-0.15220,
1754104176,-0.71694,-0.99002,1.28040,0.67489,-0.72292,0.08424,-0.12173,0.49744,0.60876,-0.11279,
1754104176,-0.70050,-0.96918,1.27663,0.67453,-0.72399,0.07742,-0.12188,0.49513,0.64199,-0.10051,
1754104176,-0.66684,-0.92391,1.26966,0.68067,-0.71945,0.06103,-0.12393,0.48193,0.70676,-0.05210,
1754104176,-0.65005,-0.89978,1.26818,0.68364,-0.71740,0.05313,-0.12310,0.46718,0.73223,-0.03712,
1754104176,-0.61831,-0.84999,1.26569,0.68602,-0.71733,0.04516,-0.11303,0.44683,0.73881,0.00459,
1754104176,-0.60193,-0.82529,1.26619,0.68709,-0.71709,0.03982,-0.11004,0.43334,0.72647,0.05737,
1754104176,-0.57547,-0.78152,1.27375,0.68902,-0.71843,0.03068,-0.09038,0.36724,0.75131,0.13822,
1754104176,-0.56018,-0.75329,1.27599,0.69378,-0.71455,0.02582,-0.08611,0.33075,0.76485,0.16660,
1754104176,-0.53720,-0.70489,1.28793,0.70604,-0.70336,0.01755,-0.08055,0.26968,0.73401,0.20631,
1754104176,-0.52540,-0.67876,1.29444,0.71208,-0.69796,0.01478,-0.07465,0.24933,0.73961,0.21097,
1754104176,-0.50615,-0.62670,1.30754,0.73005,-0.68038,0.00874,-0.06352,0.20672,0.79709,0.14612,
1754104176,-0.49589,-0.59894,1.31233,0.73925,-0.67096,0.00916,-0.05698,0.20136,0.80356,0.08080,
1754104176,-0.47778,-0.54433,1.31366,0.75663,-0.65163,0.01088,-0.05251,0.21767,0.75477,-0.07383,
1754104176,-0.46653,-0.51741,1.31157,0.76445,-0.64247,0.01203,-0.05196,0.23314,0.73359,-0.15707,
1754104176,-0.44632,-0.46728,1.29722,0.77384,-0.63044,0.01933,-0.05784,0.23707,0.70163,-0.29629,
1754104176,-0.43612,-0.44334,1.28721,0.77993,-0.62253,0.01555,-0.06264,0.24522,0.69411,-0.37746,
1754104177,-0.41752,-0.39644,1.25632,0.78368,-0.61757,0.00951,-0.06607,0.25587,0.67515,-0.54375,
1754104177,-0.40929,-0.37407,1.23615,0.78155,-0.61916,0.00335,-0.07624,0.25657,0.68803,-0.64749,
1754104177,-0.39283,-0.33002,1.18772,0.76329,-0.64205,-0.00763,-0.07142,0.25964,0.65886,-0.78066,
1754104177,-0.38687,-0.31077,1.16091,0.75404,-0.65331,-0.01274,-0.06665,0.24806,0.64438,-0.81952,
1754104177,-0.37332,-0.26927,1.10498,0.74038,-0.66882,-0.02622,-0.06192,0.22063,0.61728,-0.88406,
1754104177,-0.36735,-0.24819,1.07514,0.73361,-0.67656,-0.02947,-0.05666,0.21519,0.59743,-0.90962,
1754104177,-0.35352,-0.20605,1.01388,0.72434,-0.68704,-0.03155,-0.04808,0.20993,0.59491,-0.93451,
1754104177,-0.34736,-0.18422,0.98305,0.72158,-0.69014,-0.03306,-0.04399,0.20613,0.59747,-0.95039,
1754104177,-0.33448,-0.14436,0.91976,0.71671,-0.69572,-0.03218,-0.03548,0.18321,0.51206,-0.93463,
1754104177,-0.32886,-0.12611,0.88962,0.71680,-0.69567,-0.03396,-0.03300,0.18349,0.45089,-0.90594,
1754104177,-0.31584,-0.09744,0.83263,0.71923,-0.69364,-0.02791,-0.02828,0.17884,0.34279,-0.82453,
1754104177,-0.30886,-0.08547,0.80518,0.71994,-0.69302,-0.02582,-0.02722,0.16786,0.29046,-0.79765,
1754104177,-0.29841,-0.06673,0.75386,0.72272,-0.69012,-0.02260,-0.02990,0.12750,0.19488,-0.77905,
1754104177,-0.29349,-0.05984,0.72667,0.72241,-0.69050,-0.02025,-0.03039,0.09814,0.15126,-0.76860,
1754104177,-0.28475,-0.04474,0.67378,0.72627,-0.68637,-0.01913,-0.03258,0.06389,0.09704,-0.71371,
1754104177,-0.28164,-0.04004,0.64863,0.72789,-0.68462,-0.01687,-0.03464,0.05441,0.07541,-0.71129,
1754104177,-0.27569,-0.03036,0.59832,0.73137,-0.68082,-0.00559,-0.03948,0.03732,0.03334,-0.67334,
1754104177,-0.27419,-0.02841,0.57490,0.73175,-0.68053,-0.00015,-0.03753,-0.00736,0.01724,-0.64650,
1754104177,-0.27589,-0.02232,0.53257,0.73383,-0.67865,0.00207,-0.03023,-0.07345,0.02610,-0.58300,
1754104177,-0.27895,-0.02104,0.51331,0.73307,-0.67971,0.00368,-0.02419,-0.08128,0.02935,-0.54306,
1754104178,-0.28627,-0.01768,0.47992,0.73948,-0.67284,0.00009,-0.02117,-0.11952,0.04237,-0.44077,
1754104178,-0.28915,-0.01051,0.46408,0.74699,-0.66447,0.00030,-0.02198,-0.12197,0.06273,-0.41036,
1754104178,-0.29595,-0.00575,0.43950,0.77158,-0.63537,-0.00412,-0.03074,-0.11517,0.08057,-0.34951,
1754104178,-0.29877,0.00141,0.42953,0.77712,-0.62865,-0.00473,-0.02927,-0.11347,0.09957,-0.31543,
1754104178,-0.30663,0.01094,0.41116,0.78421,-0.61991,-0.00984,-0.02509,-0.09673,0.12800,-0.25924,
1754104178,-0.30931,0.01569,0.40140,0.78700,-0.61630,-0.00791,-0.02737,-0.06186,0.14511,-0.25676,
1754104178,-0.31329,0.02695,0.38373,0.79070,-0.61149,-0.00681,-0.02884,-0.04805,0.16549,-0.24766,
1754104178,-0.31438,0.03227,0.37358,0.78904,-0.61363,-0.00458,-0.02908,-0.02215,0.16589,-0.25696,
1754104178,-0.31585,0.04286,0.35434,0.78315,-0.62120,-0.00009,-0.02810,-0.00576,0.14399,-0.24091,
1754104178,-0.31625,0.04705,0.34398,0.77902,-0.62634,0.00243,-0.02865,0.01645,0.11837,-0.21253,
1754104178,-0.31551,0.05344,0.32698,0.76846,-0.63910,0.00537,-0.03147,0.02074,0.08777,-0.20858,
1754104178,-0.31497,0.05592,0.31806,0.76366,-0.64468,0.00598,-0.03415,0.02570,0.07812,-0.21723,
1754104178,-0.31355,0.06035,0.29874,0.75014,-0.66018,0.00792,-0.03719,0.03101,0.06336,-0.22742,
1754104178,-0.31304,0.06158,0.28873,0.74520,-0.66580,0.00823,-0.03634,0.02476,0.04570,-0.20313,
1754104178,-0.31253,0.06252,0.27521,0.73775,-0.67413,0.00739,-0.03474,0.03049,0.00474,-0.14190,
1754104178,-0.31185,0.06271,0.27063,0.73367,-0.67833,0.00790,-0.03909,0.02554,-0.00941,-0.13526,
1754104178,-0.31005,0.06130,0.25977,0.72170,-0.69071,0.00657,-0.04499,0.02131,-0.02638,-0.14124,
1754104178,-0.30871,0.06086,0.25616,0.71771,-0.69451,0.00435,-0.05024,0.02221,-0.00440,-0.04262,
1754104178,-0.30843,0.06083,0.25269,0.70822,-0.70433,0.00286,-0.04820,-0.00986,0.03150,-0.01879,
1754104178,-0.30912,0.06152,0.25203,0.70155,-0.71093,0.00009,-0.04894,-0.01300,0.03539,-0.04311,
1754104179,-0.31049,0.06142,0.24808,0.68961,-0.72264,-0.00220,-0.04706,-0.00810,0.00856,-0.03418,
1754104179,-0.30997,0.06187,0.24691,0.68486,-0.72728,-0.00103,-0.04501,0.00032,0.00374,-0.02681,
1754104179,-0.31202,0.06192,0.24677,0.67795,-0.73398,0.00120,-0.04070,-0.00446,-0.00021,-0.02337,
1754104179,-0.31291,0.06219,0.24678,0.67418,-0.73753,0.00274,-0.03894,-0.01016,0.00639,-0.01916,
1754104179,-0.31369,0.06265,0.24508,0.66748,-0.74369,0.00508,-0.03703,-0.00598,0.00803,-0.01842,
1754104179,-0.31388,0.06270,0.24449,0.66488,-0.74603,0.00736,-0.03623,-0.00484,0.00419,-0.01737,
1754104179,-0.30960,0.05958,0.24476,0.65846,-0.75177,0.01049,-0.03407,0.00959,-0.00403,-0.01298,
1754104179,-0.31424,0.06125,0.24215,0.65397,-0.75571,0.01107,-0.03304,-0.01026,-0.00111,-0.01974,
1754104179,-0.31163,0.05975,0.24226,0.63501,-0.77198,0.01159,-0.02597,0.00391,0.00435,-0.02361,
1754104179,-0.31546,0.05892,0.23740,0.62692,-0.77865,0.01178,-0.02316,-0.00268,0.00599,-0.02429,
1754104179,-0.31510,0.05853,0.23548,0.61362,-0.78926,0.01211,-0.01981,-0.00098,0.00944,-0.02586,
1754104179,-0.31525,0.05683,0.23398,0.60892,-0.79286,0.01196,-0.02107,-0.00448,0.00416,-0.02197,
1754104179,-0.31331,0.05891,0.23530,0.60030,-0.79939,0.01077,-0.02219,0.00741,0.00993,-0.01220,
1754104179,-0.31391,0.05918,0.23420,0.59859,-0.80066,0.00876,-0.02353,0.00459,-0.00264,-0.01492,
1754104179,-0.31313,0.05750,0.23303,0.61074,-0.79143,0.00776,-0.02400,0.00044,-0.03594,-0.02835,
1754104179,-0.31407,0.05609,0.23165,0.61910,-0.78490,0.00767,-0.02436,-0.00290,-0.03635,-0.02963,
1754104179,-0.31413,0.05385,0.22971,0.63257,-0.77407,0.00804,-0.02475,0.00019,-0.03546,-0.02851,
1754104179,-0.31215,0.05054,0.22997,0.64326,-0.76520,0.00804,-0.02493,0.00668,-0.05845,-0.02888,
1754104179,-0.31022,0.04508,0.22919,0.67761,-0.73493,0.00708,-0.02611,0.01162,-0.08870,-0.03941,
1754104179,-0.30922,0.04189,0.22817,0.70181,-0.71182,0.00639,-0.02698,0.01515,-0.10344,-0.04583,
1754104180,-0.30770,0.03455,0.22405,0.75144,-0.65915,0.00485,-0.02886,0.01831,-0.09630,-0.04979,
1754104180,-0.30701,0.03113,0.22263,0.76687,-0.64111,0.00450,-0.02951,0.02101,-0.08712,-0.04080,
1754104180,-0.30600,0.02563,0.22096,0.79542,-0.60515,0.00749,-0.03230,0.03423,-0.07956,-0.05985,
1754104180,-0.30480,0.02354,0.21901,0.80647,-0.59032,0.00821,-0.03241,0.02569,-0.07781,-0.01958,
1754104180,-0.30465,0.01774,0.21777,0.80710,-0.58948,0.00804,-0.03239,0.02239,-0.07750,-0.02045,
1754104180,-0.30577,0.01399,0.21712,0.80740,-0.58905,0.00794,-0.03242,0.01678,-0.08391,-0.02135,
1754104180,-0.30155,0.00876,0.21701,0.80794,-0.58833,0.00797,-0.03219,0.02644,-0.08744,-0.01744,
1754104180,-0.30053,0.00582,0.21649,0.80892,-0.58698,0.00798,-0.03205,0.02752,-0.09103,-0.01662,
1754104180,-0.29867,-0.00019,0.21545,0.80856,-0.58749,0.00763,-0.03210,0.02726,-0.08874,-0.01411,
1754104180,-0.29769,-0.00339,0.21492,0.80933,-0.58643,0.00784,-0.03198,0.02913,-0.09477,-0.01696,
1754104180,-0.29572,-0.00986,0.21384,0.80910,-0.58675,0.00770,-0.03200,0.02980,-0.09898,-0.01667,
1754104180,-0.29477,-0.01311,0.21340,0.80767,-0.58870,0.00742,-0.03231,0.02835,-0.09770,-0.01542,
1754104180,-0.29270,-0.02020,0.21227,0.80926,-0.58653,0.00773,-0.03197,0.03043,-0.10397,-0.01640,
1754104180,-0.29170,-0.02374,0.21181,0.80914,-0.58669,0.00765,-0.03194,0.03105,-0.10723,-0.01644,
1754104180,-0.28965,-0.03104,0.21082,0.80924,-0.58657,0.00757,-0.03186,0.03142,-0.11264,-0.01687,
1754104180,-0.28862,-0.03482,0.21039,0.80900,-0.58690,0.00760,-0.03180,0.03219,-0.10996,-0.01435,
1754104180,-0.28635,-0.04227,0.20963,0.80718,-0.58954,0.00610,-0.02941,0.04123,-0.11633,-0.01891,
1754104180,-0.28509,-0.04627,0.20914,0.80951,-0.58651,0.00370,-0.02613,0.04065,-0.12405,-0.02477,
1754104180,-0.28278,-0.05447,0.20812,0.81045,-0.58533,0.00205,-0.02365,0.03646,-0.12762,-0.01715,
1754104180,-0.27343,-0.04942,0.19339,0.81083,-0.58481,0.00200,-0.02333,0.04485,-0.11461,-0.03561,
1754104181,-0.27459,-0.06242,0.19562,0.81110,-0.58444,0.00158,-0.02325,0.03914,-0.12397,-0.02861,
1754104181,-0.27328,-0.06724,0.19557,0.81127,-0.58422,0.00167,-0.02316,0.03993,-0.12891,-0.02818,
1754104181,-0.27048,-0.07617,0.19428,0.81093,-0.58469,0.00153,-0.02311,0.04102,-0.13353,-0.02770,
1754104181,-0.26885,-0.08069,0.19358,0.81097,-0.58462,0.00154,-0.02309,0.04187,-0.13588,-0.02748,
1754104181,-0.26575,-0.08987,0.19194,0.81147,-0.58394,0.00166,-0.02300,0.04301,-0.14142,-0.02738,
1754104181,-0.26400,-0.09448,0.19094,0.81188,-0.58338,0.00150,-0.02296,0.04399,-0.14270,-0.02709,
1754104181,-0.26086,-0.10398,0.18919,0.81193,-0.58331,0.00148,-0.02297,0.04497,-0.14753,-0.02760,
1754104181,-0.25920,-0.10881,0.18823,0.81182,-0.58345,0.00146,-0.02297,0.04586,-0.14827,-0.02751,
1754104181,-0.25588,-0.11870,0.18651,0.81164,-0.58371,0.00136,-0.02287,0.04782,-0.15289,-0.02741,
1754104181,-0.25377,-0.12353,0.18538,0.81182,-0.58346,0.00131,-0.02280,0.04906,-0.15501,-0.02792,
1754104181,-0.24997,-0.13354,0.18332,0.81181,-0.58347,0.00121,-0.02274,0.05086,-0.15914,-0.02783,
1754104181,-0.24785,-0.13845,0.18208,0.81174,-0.58358,0.00118,-0.02270,0.05151,-0.16049,-0.02809,
1754104181,-0.24403,-0.14887,0.18009,0.81156,-0.58383,0.00118,-0.02261,0.05262,-0.16472,-0.02825,
1754104181,-0.24188,-0.15411,0.17893,0.81163,-0.58374,0.00122,-0.02259,0.05355,-0.16710,-0.02866,
1754104181,-0.23815,-0.16525,0.17710,0.81180,-0.58349,0.00107,-0.02262,0.05427,-0.17054,-0.02849,
1754104181,-0.23608,-0.17097,0.17616,0.81178,-0.58352,0.00105,-0.02259,0.05500,-0.17391,-0.02899,
1754104181,-0.23205,-0.18251,0.17436,0.81173,-0.58359,0.00097,-0.02254,0.05630,-0.17783,-0.02868,
1754104181,-0.22959,-0.18823,0.17322,0.81184,-0.58345,0.00096,-0.02250,0.05720,-0.18045,-0.02925,
1754104181,-0.22528,-0.19990,0.17113,0.81191,-0.58335,0.00089,-0.02240,0.05847,-0.18551,-0.02935,
1754104181,-0.22279,-0.20561,0.16992,0.81091,-0.58473,0.00140,-0.02249,0.05957,-0.17952,-0.02475,
1754104182,-0.21838,-0.21757,0.16798,0.81112,-0.58441,0.00215,-0.02327,0.06093,-0.19264,-0.02943,
1754104182,-0.21593,-0.22395,0.16705,0.81104,-0.58452,0.00213,-0.02324,0.06191,-0.19501,-0.02929,
1754104182,-0.21151,-0.23687,0.16528,0.81096,-0.58463,0.00207,-0.02316,0.06253,-0.19998,-0.02894,
1754104182,-0.20882,-0.24360,0.16437,0.81112,-0.58442,0.00213,-0.02317,0.06385,-0.20318,-0.02956,
1754104182,-0.20428,-0.25707,0.16271,0.81124,-0.58426,0.00216,-0.02308,0.06416,-0.20694,-0.02899,
1754104182,-0.20168,-0.26426,0.16195,0.81125,-0.58424,0.00209,-0.02304,0.06498,-0.20992,-0.02930,
1754104182,-0.19743,-0.27853,0.16055,0.81126,-0.58424,0.00205,-0.02299,0.06511,-0.21509,-0.02917,
1754104182,-0.19554,-0.28673,0.16041,0.81128,-0.58420,0.00204,-0.02299,0.06536,-0.21912,-0.02889,
1754104182,-0.19160,-0.30232,0.15963,0.81142,-0.58401,0.00200,-0.02287,0.06604,-0.22497,-0.02827,
1754104182,-0.18941,-0.31101,0.15960,0.81143,-0.58399,0.00201,-0.02285,0.06613,-0.22752,-0.02784,
1754104182,-0.18548,-0.32716,0.15886,0.81149,-0.58392,0.00187,-0.02274,0.06676,-0.23327,-0.02721,
1754104182,-0.18346,-0.33639,0.15899,0.81156,-0.58383,0.00186,-0.02268,0.06700,-0.23728,-0.02698,
1754104182,-0.17970,-0.35334,0.15845,0.81159,-0.58379,0.00174,-0.02259,0.06688,-0.24329,-0.02641,
1754104182,-0.17844,-0.36347,0.15901,0.81163,-0.58373,0.00172,-0.02255,0.06656,-0.24752,-0.02580,
1754104182,-0.17564,-0.38182,0.15913,0.81171,-0.58363,0.00163,-0.02253,0.06587,-0.25481,-0.02553,
1754104182,-0.17549,-0.39315,0.16046,0.81176,-0.58355,0.00153,-0.02253,0.06507,-0.25931,-0.02418,
1754104182,-0.17588,-0.41635,0.16294,0.81190,-0.58337,0.00134,-0.02245,0.06234,-0.26979,-0.02203,
1754104182,-0.17651,-0.42849,0.16482,0.81193,-0.58332,0.00125,-0.02241,0.06108,-0.27481,-0.02096,
1754104182,-0.17540,-0.44931,0.16613,0.81200,-0.58323,0.00115,-0.02236,0.06024,-0.28221,-0.01959,
1754104182,-0.17916,-0.46263,0.16945,0.81204,-0.58317,0.00108,-0.02234,0.05717,-0.28782,-0.01772,
1754104183,-0.17998,-0.48507,0.17145,0.81208,-0.58311,0.00097,-0.02232,0.05450,-0.29616,-0.01608,
1754104183,-0.18257,-0.49781,0.17345,0.81213,-0.58305,0.00091,-0.02228,0.05189,-0.30128,-0.01491,
1754104183,-0.18305,-0.51974,0.17447,0.81218,-0.58298,0.00083,-0.02223,0.04989,-0.30881,-0.01385,
1754104183,-0.18607,-0.53225,0.17570,0.81221,-0.58295,0.00076,-0.02219,0.04742,-0.31390,-0.01329,
1754104183,-0.17327,-0.61821,0.17004,0.81234,-0.58277,0.00048,-0.02188,0.04690,-0.33980,-0.01412,
1754104183,-0.16352,-0.68744,0.16578,0.81228,-0.58286,0.00069,-0.02169,0.04755,-0.35822,-0.01438,
1754104183,-0.17582,-0.71561,0.16773,0.81220,-0.58297,0.00098,-0.02183,0.04181,-0.36633,-0.01155,
1754104183,-0.16526,-0.72674,0.16517,0.81225,-0.58291,0.00073,-0.02160,0.04566,-0.36956,-0.01226,
1754104183,-0.16149,-0.73848,0.16370,0.81227,-0.58288,0.00070,-0.02155,0.04701,-0.37263,-0.01278,
1754104183,-0.15850,-0.75032,0.16228,0.81229,-0.58285,0.00064,-0.02151,0.04816,-0.37572,-0.01339,
