1754104131484248320,-0.01744,0.01223,-0.14894,0.85945,-0.50755,-0.05380,0.02895,
1754104131517588480,-0.01030,0.00226,-0.16533,0.88214,-0.46895,-0.04199,0.01236,
1754104131550928384,-0.00355,-0.01017,-0.18225,0.89963,-0.43598,-0.02314,-0.00709,
1754104131584268288,0.00408,-0.02395,-0.20078,0.90719,-0.41950,-0.01328,-0.02927,
1754104131650947840,0.01865,-0.05864,-0.24632,0.91431,-0.39913,-0.01753,-0.06661,
1754104131684287232,0.02859,-0.07762,-0.27097,0.90436,-0.41811,-0.02234,-0.08253,
1754104131750965760,0.04793,-0.10886,-0.31876,0.80757,-0.58268,0.00631,-0.09101,
1754104131784304896,0.05463,-0.12961,-0.34122,0.76032,-0.64549,0.02208,-0.06903,
1754104131850992896,0.06587,-0.18613,-0.38543,0.68451,-0.72898,0.00560,-0.00170,
1754104142257146368,0.00333,0.00271,0.01070,0.78576,-0.61689,-0.01843,-0.04110,
1754104142357318912,0.01134,-0.00585,0.00042,0.77977,-0.62466,-0.02376,-0.03457,
1754104142390710272,0.01116,-0.00674,-0.00350,0.77344,-0.63116,-0.04066,-0.04207,
1754104142457495296,0.00977,-0.00788,-0.00958,0.77238,-0.62946,-0.07089,-0.04672,
1754104142557675520,0.01150,-0.00966,-0.00805,0.75373,-0.64875,-0.09494,-0.04470,
1754104142591069952,0.01195,-0.00946,-0.00437,0.75193,-0.65375,-0.07814,-0.03338,
1754104142657859840,0.01025,-0.01281,0.00050,0.75695,-0.65103,-0.05645,0.00245,
1754104142758048000,0.00861,-0.02032,0.00666,0.74392,-0.66725,0.00001,0.03679,
1754104142891638528,0.00641,-0.01853,0.02773,0.74552,-0.66516,0.00915,0.04087,
1754104142991705344,0.00696,-0.00160,0.06660,0.71892,-0.69289,0.00527,0.05506,
1754104143058402816,0.00641,0.01914,0.10178,0.71015,-0.70031,-0.00182,0.07248,
1754104143158448128,0.00798,0.06252,0.16878,0.71552,-0.69305,-0.01643,0.08630,
1754104143191796480,0.01021,0.07749,0.19729,0.72187,-0.68609,-0.02464,0.08701,
1754104143258492928,0.02478,0.11181,0.26306,0.73359,-0.67512,-0.03101,0.07145,
1754104143291841024,0.03673,0.12809,0.29740,0.73691,-0.67261,-0.03118,0.05988,
1754104143358536960,0.05896,0.14894,0.36949,0.74240,-0.66821,-0.03126,0.03676,
1754104143391884800,0.06927,0.15326,0.40488,0.74444,-0.66636,-0.03071,0.02864,
1754104143458579968,0.08220,0.14935,0.47132,0.74377,-0.66756,-0.02864,0.01859,
1754104143558622720,0.09583,0.14393,0.57371,0.73648,-0.67588,-0.02243,0.01666,
1754104143658664192,0.10160,0.12834,0.68079,0.73345,-0.67912,-0.02094,0.02031,
1754104143758705152,0.10102,0.09569,0.78547,0.72033,-0.69249,-0.01443,0.03710,
1754104143858745344,0.10213,0.05716,0.89655,0.71426,-0.69849,-0.01712,0.04069,
1754104143958792448,0.10528,0.01346,1.00212,0.70783,-0.70501,-0.02046,0.03907,
1754104144058845696,0.11243,-0.03555,1.08896,0.70733,-0.70517,-0.02813,0.04037,
1754104144158898432,0.12413,-0.08388,1.15165,0.70562,-0.70679,-0.03501,0.03645,
1754104144258950656,0.14303,-0.12843,1.19506,0.71005,-0.70267,-0.03857,0.02440,
1754104144359002112,0.16535,-0.16309,1.22049,0.71545,-0.69719,-0.04258,0.01590,
1754104144559104000,0.19847,-0.21873,1.24650,0.72487,-0.68585,-0.06349,0.01192,
1754104144592454144,0.20293,-0.22649,1.25064,0.73136,-0.67855,-0.06736,0.01170,
1754104144659153920,0.21180,-0.23399,1.25610,0.73815,-0.67056,-0.07263,0.01438,
1754104144759203584,0.22685,-0.24974,1.26365,0.74863,-0.65784,-0.07586,0.03236,
1754104144859252480,0.24897,-0.25893,1.27212,0.75615,-0.64822,-0.08160,0.03735,
1754104144959301888,0.27663,-0.26409,1.27772,0.76254,-0.64131,-0.07860,0.03273,
1754104145092701440,0.30883,-0.26574,1.27407,0.76108,-0.64395,-0.07165,0.03071,
1754104145192750336,0.32908,-0.26805,1.26842,0.75926,-0.64721,-0.06028,0.03173,
1754104145292798464,0.34022,-0.26749,1.26016,0.74928,-0.65859,-0.05302,0.04507,
1754104145359497216,0.33935,-0.26458,1.25501,0.74189,-0.66565,-0.05648,0.05761,
1754104145392846336,0.33467,-0.26326,1.25252,0.73940,-0.66721,-0.06080,0.06654,
1754104145459544320,0.31993,-0.26245,1.24975,0.73732,-0.66572,-0.07752,0.08460,
1754104145492893440,0.30838,-0.26350,1.24887,0.73658,-0.66368,-0.08840,0.09570,
1754104145559591168,0.28016,-0.26683,1.24913,0.73510,-0.65744,-0.11329,0.12070,
1754104145592939776,0.26357,-0.26983,1.24940,0.73431,-0.65303,-0.12700,0.13497,
1754104145659637504,0.22799,-0.27736,1.25054,0.73186,-0.64197,-0.15629,0.16680,
1754104145692985856,0.20965,-0.28318,1.25105,0.73005,-0.63446,-0.17089,0.18782,
1754104145759682816,0.17195,-0.29738,1.25246,0.72291,-0.62122,-0.20509,0.22231,
1754104145793031168,0.15341,-0.30750,1.25409,0.71859,-0.61372,-0.22115,0.24099,
1754104145859727872,0.11615,-0.33038,1.25689,0.70626,-0.59916,-0.25287,0.27976,
1754104145893075968,0.09856,-0.34421,1.25750,0.69946,-0.59161,-0.26857,0.29768,
1754104145959774976,0.06547,-0.37354,1.25915,0.68450,-0.57712,-0.29930,0.32986,
1754104145993124352,0.05132,-0.39016,1.25971,0.67873,-0.56845,-0.31287,0.34396,
1754104146059823104,0.02472,-0.42247,1.26004,0.66445,-0.55525,-0.33809,0.36865,
1754104146093172224,0.01173,-0.43825,1.25820,0.65896,-0.54826,-0.35120,0.37661,
1754104146159870976,-0.00952,-0.46717,1.25601,0.64926,-0.53716,-0.36921,0.39191,
1754104146193219584,-0.02047,-0.48226,1.25429,0.64304,-0.53291,-0.37742,0.40009,
1754104146259917824,-0.03337,-0.50478,1.25387,0.63001,-0.53433,-0.38412,0.41235,
1754104146359964160,-0.03964,-0.51511,1.25300,0.61055,-0.55685,-0.37958,0.41600,
1754104146460009728,-0.02970,-0.49047,1.25053,0.59999,-0.58642,-0.35879,0.40913,
1754104146493358336,-0.02220,-0.47812,1.24898,0.60409,-0.59362,-0.34869,0.40140,
1754104146560055040,0.00128,-0.45125,1.24710,0.61674,-0.60809,-0.32416,0.38049,
1754104146593403136,0.01628,-0.43607,1.24534,0.62366,-0.61676,-0.30994,0.36688,
1754104146660099328,0.05241,-0.40419,1.24266,0.64154,-0.63279,-0.27806,0.33270,
1754104146693447680,0.07309,-0.38748,1.24081,0.65116,-0.64013,-0.26114,0.31310,
1754104146760143360,0.11869,-0.35753,1.23840,0.66508,-0.65669,-0.22487,0.27544,
1754104146793490944,0.14230,-0.34469,1.23692,0.67230,-0.66361,-0.20678,0.25471,
1754104146860186368,0.18922,-0.32410,1.23529,0.68603,-0.67405,-0.17232,0.21288,
1754104146893533952,0.21152,-0.31620,1.23360,0.69393,-0.67566,-0.15653,0.19349,
1754104146960233216,0.25241,-0.30443,1.23117,0.70666,-0.67737,-0.13001,0.15782,
1754104146993583104,0.27118,-0.29990,1.22919,0.71062,-0.67868,-0.11893,0.14236,
1754104147060282880,0.30201,-0.29361,1.22722,0.71659,-0.68031,-0.10363,0.11377,
1754104147093632768,0.31446,-0.29096,1.22580,0.71763,-0.68169,-0.09874,0.10275,
1754104147160332032,0.33101,-0.28638,1.22391,0.71905,-0.68319,-0.09359,0.08638,
1754104147360428032,0.32116,-0.28165,1.22151,0.71931,-0.67857,-0.11521,0.09415,
1754104147393777152,0.31288,-0.28514,1.22039,0.71693,-0.67868,-0.12372,0.10053,
1754104147460475136,0.29066,-0.28783,1.21429,0.71094,-0.67819,-0.14158,0.12070,
1754104147493824000,0.27655,-0.29100,1.21148,0.70538,-0.67897,-0.15221,0.13517,
1754104147560521728,0.24001,-0.29959,1.20735,0.69964,-0.67095,-0.18488,0.16174,
1754104147593870336,0.21841,-0.30684,1.20761,0.70059,-0.66141,-0.20309,0.17457,
1754104147660567296,0.16985,-0.32742,1.21197,0.70399,-0.63827,-0.23962,0.19898,
1754104147693915904,0.14512,-0.34096,1.21548,0.70452,-0.62661,-0.25504,0.21439,
1754104147760612608,0.09451,-0.37157,1.22533,0.70380,-0.60376,-0.28362,0.24431,
1754104147793960960,0.06972,-0.38919,1.23044,0.70189,-0.59303,-0.29733,0.25936,
1754104147860656896,0.01983,-0.42739,1.24114,0.69691,-0.57086,-0.32203,0.29108,
1754104147894004992,-0.00378,-0.44842,1.24525,0.69411,-0.56044,-0.33237,0.30601,
1754104147960710656,-0.04984,-0.49209,1.25169,0.68899,-0.54154,-0.34611,0.33503,
1754104147994064896,-0.07167,-0.51477,1.25272,0.68597,-0.53467,-0.34978,0.34816,
1754104148060772096,-0.11457,-0.56044,1.25332,0.67796,-0.52361,-0.35623,0.37325,
1754104148094126080,-0.13502,-0.58343,1.25275,0.67440,-0.51839,-0.35864,0.38449,
1754104148160833536,-0.17383,-0.62791,1.25288,0.66871,-0.50607,-0.36367,0.40555,
1754104148194187264,-0.19099,-0.65074,1.25158,0.66269,-0.50249,-0.36862,0.41529,
1754104148527723520,-0.35119,-0.86547,1.22785,0.57123,-0.47505,-0.44669,0.49850,
1754104148761197824,-0.44484,-1.01517,1.19719,0.49942,-0.45012,-0.49642,0.54913,
1754104148827904512,-0.47161,-1.05105,1.18915,0.49072,-0.44167,-0.50288,0.55789,
1754104148861257728,-0.48475,-1.07051,1.18609,0.48864,-0.43650,-0.50430,0.56247,
1754104149228113408,-0.67466,-1.22604,1.19378,0.46654,-0.37595,-0.48523,0.63684,
1754104149528258816,-0.81745,-1.30031,1.24253,0.36807,-0.39815,-0.52210,0.65834,
1754104149561607936,-0.83509,-1.30829,1.24861,0.35497,-0.41073,-0.53817,0.64473,
1754104149594957056,-0.85640,-1.32044,1.25054,0.34683,-0.41917,-0.54930,0.63426,
1754104149628306176,-0.87825,-1.33176,1.25421,0.34313,-0.42652,-0.55478,0.62655,
1754104149728352768,-0.95239,-1.35934,1.26741,0.34512,-0.44528,-0.55096,0.61568,
1754104149761701376,-0.97060,-1.36838,1.27097,0.35116,-0.44927,-0.54913,0.61098,
1754104149795050240,-1.00887,-1.37365,1.26925,0.35675,-0.45522,-0.54813,0.60420,
1754104149828398592,-1.01184,-1.37548,1.26107,0.36453,-0.45808,-0.54735,0.59808,
1754104149861747200,-1.01915,-1.37866,1.25798,0.37446,-0.45971,-0.54423,0.59352,
1754104149895095552,-1.00616,-1.37922,1.25243,0.38590,-0.46200,-0.53839,0.58972,
1754104149928444928,-0.96147,-1.38381,1.24143,0.39995,-0.46205,-0.53370,0.58456,
1754104149961793792,-0.97248,-1.39060,1.23889,0.41153,-0.46281,-0.53380,0.57577,
1754104149995142912,-0.98948,-1.39569,1.23611,0.41903,-0.46510,-0.53619,0.56622,
1754104150061840896,-1.02535,-1.39942,1.23256,0.43178,-0.46476,-0.53577,0.55724,
1754104150128538368,-1.06678,-1.40438,1.22910,0.44636,-0.45354,-0.53009,0.56042,
1754104150195235584,-1.11557,-1.41102,1.22354,0.45292,-0.44266,-0.52694,0.56679,
1754104150261932288,-1.16992,-1.42011,1.21648,0.46084,-0.43206,-0.52474,0.57061,
1754104150395325184,-1.29013,-1.43291,1.20354,0.45970,-0.42776,-0.52284,0.57648,
1754104150462021120,-1.35618,-1.43928,1.19553,0.46829,-0.43992,-0.51290,0.56930,
1754104150495368960,-1.39009,-1.44230,1.19126,0.47483,-0.44665,-0.50790,0.56309,
1754104150528716800,-1.42096,-1.44213,1.18828,0.48516,-0.45036,-0.50238,0.55625,
1754104150562064384,-1.45496,-1.43896,1.18558,0.49796,-0.45276,-0.49468,0.54985,
1754104150595411712,-1.48959,-1.43354,1.18267,0.51226,-0.45531,-0.48535,0.54288,
1754104150628759552,-1.51449,-1.42798,1.18071,0.52062,-0.46183,-0.47664,0.53710,
1754104150662106880,-1.54386,-1.41936,1.17756,0.52585,-0.47139,-0.46817,0.53113,
1754104150695454464,-1.57086,-1.40924,1.17420,0.53355,-0.47934,-0.46053,0.52295,
1754104150728801536,-1.59899,-1.39685,1.16993,0.54165,-0.48489,-0.45537,0.51394,
1754104150762148608,-1.61635,-1.38737,1.16610,0.54885,-0.48909,-0.45113,0.50600,
1754104150828842752,-1.65959,-1.36571,1.15603,0.56554,-0.50467,-0.43422,0.48675,
1754104150862190080,-1.67447,-1.35510,1.14969,0.57297,-0.51404,-0.42344,0.47767,
1754104150928886016,-1.71534,-1.33245,1.13676,0.59077,-0.52997,-0.40022,0.45820,
1754104150962236928,-1.73043,-1.32097,1.13104,0.59836,-0.53855,-0.38684,0.44975,
1754104151028938240,-1.76981,-1.29713,1.12178,0.61843,-0.55124,-0.35802,0.43069,
1754104151062288896,-1.78581,-1.28458,1.11867,0.62843,-0.55792,-0.34284,0.41983,
1754104151128989952,-1.82000,-1.25928,1.11395,0.64457,-0.57466,-0.31596,0.39301,
1754104151162340352,-1.83054,-1.24561,1.11358,0.65091,-0.58328,-0.30273,0.38007,
1754104151229041152,-1.85296,-1.21636,1.11419,0.67061,-0.59586,-0.27260,0.34774,
1754104151262391296,-1.85630,-1.20198,1.11454,0.67821,-0.60401,-0.25633,0.33091,
1754104151329091584,-1.86540,-1.17200,1.11214,0.68640,-0.62333,-0.22584,0.29884,
1754104151362441472,-1.85900,-1.16082,1.11109,0.69174,-0.62992,-0.21075,0.28334,
1754104151429141248,-1.85822,-1.13292,1.10768,0.70498,-0.63819,-0.18232,0.24997,
1754104151462491392,-1.84963,-1.12587,1.10548,0.71263,-0.63995,-0.16930,0.23231,
1754104151529190656,-1.84770,-1.10029,1.10023,0.72240,-0.64531,-0.14346,0.20282,
1754104151562540544,-1.84502,-1.08990,1.09745,0.72692,-0.64733,-0.13115,0.18801,
1754104151629239552,-1.84689,-1.06364,1.09306,0.73520,-0.64957,-0.10809,0.16078,
1754104151662588928,-1.84697,-1.05187,1.09202,0.73865,-0.64986,-0.09660,0.15082,
1754104151729287680,-1.85382,-1.02734,1.08927,0.74325,-0.65113,-0.07565,0.13374,
1754104151762636800,-1.85700,-1.01085,1.08722,0.74303,-0.65384,-0.06842,0.12538,
1754104151829335296,-1.86508,-0.98715,1.08731,0.74974,-0.65113,-0.05989,0.10164,
1754104151862684160,-1.86877,-0.97372,1.08757,0.75150,-0.65086,-0.05368,0.09349,
1754104151929382656,-1.87864,-0.95571,1.08977,0.75437,-0.65056,-0.04354,0.07609,
1754104152029430784,-1.89424,-0.92736,1.09446,0.75745,-0.64966,-0.03526,0.05443,
1754104152129478656,-1.91342,-0.89880,1.09434,0.75674,-0.65208,-0.02447,0.03915,
1754104152229525504,-1.94257,-0.86917,1.09104,0.75397,-0.65594,-0.01405,0.03273,
1754104152362920704,-1.99943,-0.82803,1.09173,0.75963,-0.64984,-0.00469,0.02538,
1754104152462966016,-2.05379,-0.79457,1.09521,0.75978,-0.64958,0.00280,0.02764,
1754104152563010816,-2.10825,-0.76386,1.10188,0.76331,-0.64556,0.00221,0.02455,
1754104152629706752,-2.14150,-0.74317,1.10466,0.76290,-0.64601,0.00044,0.02548,
1754104152729750272,-2.19301,-0.70784,1.10584,0.76107,-0.64801,-0.01230,0.02663,
1754104152763098112,-2.20813,-0.69422,1.10620,0.76144,-0.64738,-0.01831,0.02791,
1754104152829793536,-2.24190,-0.66508,1.10608,0.76378,-0.64416,-0.03033,0.02783,
1754104152929863168,-2.29416,-0.61321,1.10445,0.76425,-0.64238,-0.04192,0.03881,
1754104152963256832,-2.31106,-0.59281,1.10356,0.76185,-0.64444,-0.04222,0.04998,
1754104153030045440,-2.34861,-0.54783,1.10116,0.75659,-0.64850,-0.04412,0.07123,
1754104153063440384,-2.36737,-0.52314,1.10104,0.75590,-0.64822,-0.04653,0.07913,
1754104153130231808,-2.40456,-0.47362,1.10423,0.75790,-0.64346,-0.05155,0.09426,
1754104153230423552,-2.46045,-0.39511,1.11634,0.75471,-0.64423,-0.06236,0.10721,
1754104153330618880,-2.51655,-0.31688,1.13851,0.75892,-0.63646,-0.08710,0.10668,
1754104153430819328,-2.57252,-0.24388,1.15835,0.76485,-0.62646,-0.10988,0.10235,
1754104153531024128,-2.62389,-0.17349,1.16400,0.76300,-0.62639,-0.11763,0.10781,
1754104153631233536,-2.67406,-0.10377,1.15538,0.75219,-0.63777,-0.11435,0.11993,
1754104153731447296,-2.72557,-0.02969,1.14558,0.75577,-0.63578,-0.10329,0.11805,
1754104153831665408,-2.76882,0.04393,1.13562,0.74627,-0.65119,-0.08285,0.11030,
1754104153931856896,-2.80115,0.11405,1.13942,0.74542,-0.65727,-0.06667,0.08886,
1754104153965214464,-2.81016,0.13979,1.14152,0.74673,-0.65758,-0.06017,0.07974,
1754104154031929856,-2.82880,0.18673,1.14576,0.74554,-0.66108,-0.05227,0.06639,
1754104154132002560,-2.85665,0.25566,1.15274,0.74034,-0.66841,-0.04555,0.05523,
1754104154232075520,-2.88418,0.32310,1.15949,0.73567,-0.67397,-0.04124,0.05345,
1754104154332147968,-2.91870,0.39870,1.16668,0.73648,-0.67329,-0.04122,0.05079,
1754104154432220928,-2.96020,0.47807,1.17438,0.74535,-0.66246,-0.04576,0.05918,
1754104154532293888,-3.00526,0.55195,1.18155,0.74621,-0.66011,-0.05710,0.06453,
1754104154632366336,-3.05935,0.62311,1.18907,0.74976,-0.65396,-0.07417,0.06855,
1754104154732439040,-3.11832,0.69180,1.19032,0.74889,-0.65190,-0.09510,0.07174,
1754104154765796608,-3.13852,0.71602,1.18900,0.74902,-0.65056,-0.10156,0.07362,
1754104154832511744,-3.17916,0.76158,1.18575,0.74840,-0.64830,-0.11171,0.08442,
1754104154865869312,-3.20154,0.78779,1.18350,0.74855,-0.64644,-0.11721,0.08972,
1754104154932584960,-3.24487,0.83151,1.17898,0.75321,-0.63721,-0.12848,0.10064,
1754104154965943296,-3.26667,0.85268,1.17775,0.75905,-0.62825,-0.13392,0.10584,
1754104155032660480,-3.31070,0.88983,1.17707,0.77556,-0.60409,-0.14237,0.11538,
1754104155066019072,-3.33157,0.90660,1.17724,0.77942,-0.59748,-0.14220,0.12366,
1754104155132736000,-3.37482,0.93933,1.17648,0.77510,-0.59681,-0.14760,0.14581,
1754104155166094592,-3.39629,0.95498,1.17645,0.77244,-0.59609,-0.15332,0.15653,
1754104155232811520,-3.43677,0.98272,1.18018,0.77328,-0.58790,-0.16554,0.17033,
1754104155266170368,-3.45835,0.99749,1.18147,0.77536,-0.58124,-0.17166,0.17753,
1754104155332887296,-3.50105,1.02273,1.18238,0.77498,-0.57170,-0.17848,0.20177,
1754104155366245632,-3.52291,1.03533,1.18125,0.77243,-0.56896,-0.18123,0.21631,
1754104155432962816,-3.56892,1.06198,1.17815,0.76128,-0.56811,-0.19257,0.24621,
1754104155466321408,-3.59171,1.07544,1.17555,0.75400,-0.56842,-0.20130,0.26048,
1754104155533038592,-3.63817,1.10533,1.17212,0.74224,-0.56533,-0.21869,0.28576,
1754104155566397184,-3.66111,1.12045,1.17166,0.73605,-0.56337,-0.22664,0.29913,
1754104155633114624,-3.70804,1.14986,1.17360,0.72106,-0.55978,-0.24695,0.32515,
1754104155666472960,-3.73153,1.16416,1.17484,0.71206,-0.55943,-0.25926,0.33586,
1754104155733190400,-3.77822,1.19056,1.18002,0.69763,-0.55408,-0.28697,0.35206,
1754104155766548992,-3.80400,1.20460,1.18258,0.69219,-0.54932,-0.29987,0.35944,
1754104155833265920,-3.85517,1.22485,1.19151,0.68496,-0.53574,-0.31960,0.37638,
1754104155866624768,-3.88191,1.23354,1.19638,0.68266,-0.52848,-0.32726,0.38416,
1754104155933340928,-3.93380,1.24431,1.20694,0.67206,-0.52026,-0.34089,0.40183,
1754104155966697984,-3.95804,1.24681,1.21155,0.66318,-0.51831,-0.34783,0.41298,
1754104156033412352,-4.00916,1.24796,1.21909,0.65259,-0.50884,-0.36043,0.43047,
1754104156066769408,-4.03430,1.24705,1.22050,0.64871,-0.50342,-0.36616,0.43780,
1754104156133483520,-4.08425,1.24240,1.22122,0.63877,-0.49471,-0.37744,0.45251,
1754104156166840576,-4.10753,1.23805,1.21963,0.63321,-0.49005,-0.38382,0.45998,
1754104156266911488,-4.18135,1.22028,1.21021,0.61581,-0.47395,-0.40165,0.48458,
1754104156333625600,-4.23011,1.20321,1.20156,0.61584,-0.44999,-0.40999,0.50015,
1754104156366982656,-4.25412,1.19371,1.19739,0.62067,-0.43511,-0.41089,0.50658,
1754104156433696512,-4.29808,1.17377,1.18826,0.62191,-0.41594,-0.41182,0.52022,
1754104156467053312,-4.31819,1.16229,1.18256,0.61346,-0.41175,-0.41968,0.52725,
1754104156533767424,-4.36214,1.13633,1.17262,0.58320,-0.40932,-0.44163,0.54525,
1754104156567124480,-4.38343,1.12163,1.16949,0.57648,-0.40164,-0.45108,0.55034,
1754104156633838336,-4.42736,1.08787,1.16559,0.55476,-0.38736,-0.47378,0.56368,
1754104156667195392,-4.44808,1.06798,1.16287,0.54119,-0.37972,-0.48496,0.57249,
1754104156733909248,-4.49093,1.02462,1.15871,0.51677,-0.36022,-0.50427,0.59068,
1754104156767266048,-4.50826,1.00169,1.15573,0.50136,-0.35123,-0.51373,0.60114,
1754104156833979904,-4.54639,0.95368,1.15068,0.46695,-0.33271,-0.53235,0.62280,
1754104156867336704,-4.56252,0.93007,1.14695,0.44890,-0.32294,-0.54083,0.63380,
1754104156934051584,-4.59839,0.88238,1.14181,0.41333,-0.30211,-0.55572,0.65503,
1754104156967410432,-4.61875,0.85682,1.13903,0.39729,-0.29063,-0.56212,0.66462,
1754104157034127872,-4.65830,0.80723,1.13574,0.36411,-0.27025,-0.57224,0.68333,
1754104157067486720,-4.67607,0.78307,1.13554,0.34681,-0.26006,-0.57631,0.69279,
1754104157134204416,-4.71441,0.73635,1.13800,0.31677,-0.23943,-0.58715,0.70540,
1754104157167563264,-4.73007,0.71574,1.14092,0.30531,-0.22774,-0.59362,0.70890,
1754104157234280960,-4.76429,0.67377,1.14862,0.28627,-0.19967,-0.60295,0.71738,
1754104157267639808,-4.77973,0.65246,1.15206,0.27359,-0.18817,-0.60665,0.72230,
1754104157334357760,-4.80789,0.60687,1.15628,0.25366,-0.16697,-0.61284,0.72952,
1754104157367716608,-4.82047,0.58410,1.15708,0.24010,-0.15866,-0.61755,0.73199,
1754104157434434304,-4.84184,0.54121,1.15818,0.21546,-0.13922,-0.62449,0.73770,
1754104157467793152,-4.85208,0.51916,1.15696,0.20668,-0.12934,-0.62548,0.74117,
1754104157534511104,-4.86910,0.47585,1.15285,0.18779,-0.11415,-0.62798,0.74655,
1754104157567869952,-4.87701,0.45430,1.14864,0.17855,-0.10826,-0.62931,0.74858,
1754104157634587904,-4.89081,0.40974,1.14073,0.16004,-0.09629,-0.63236,0.75182,
1754104157667946752,-4.89579,0.38746,1.13606,0.15247,-0.08948,-0.63286,0.75381,
1754104157734664704,-4.90860,0.33855,1.12901,0.14254,-0.07460,-0.62885,0.76070,
1754104157768023808,-4.91405,0.31391,1.12577,0.13717,-0.06958,-0.62719,0.76353,
1754104157834741504,-4.92520,0.26510,1.12303,0.13091,-0.06068,-0.62843,0.76437,
1754104157868100608,-4.93096,0.24035,1.12172,0.12355,-0.05505,-0.63167,0.76335,
1754104157934818048,-4.94192,0.19335,1.12392,0.11197,-0.04697,-0.63283,0.76471,
1754104158034892288,-4.96111,0.12757,1.12782,0.08903,-0.04886,-0.64000,0.76163,
1754104158134966528,-4.98367,0.06110,1.12981,0.07690,-0.04508,-0.64115,0.76222,
1754104158235040768,-5.00904,-0.00817,1.12963,0.07228,-0.03488,-0.63877,0.76520,
1754104158335115008,-5.03481,-0.08234,1.12893,0.05971,-0.02622,-0.63452,0.77015,
1754104158435189248,-5.05971,-0.16037,1.13088,0.04294,-0.01724,-0.62825,0.77663,
1754104158535263488,-5.08239,-0.23768,1.13547,0.02370,-0.00584,-0.63442,0.77260,
1754104158635337472,-5.10012,-0.31205,1.14192,0.00617,0.00740,-0.63975,0.76852,
1754104158735411968,-5.11322,-0.38464,1.14316,-0.00637,0.01436,-0.64698,0.76235,
1754104158835486208,-5.12415,-0.45645,1.14296,-0.01312,0.02242,-0.65160,0.75812,
1754104159035629568,-5.14083,-0.61329,1.13261,-0.02046,0.02281,-0.65730,0.75300,
1754104159135699712,-5.14789,-0.70056,1.13191,-0.01829,0.02401,-0.64973,0.75956,
1754104159335839744,-5.16616,-0.86575,1.14403,-0.01029,0.02005,-0.64842,0.76095,
1754104159469266432,-5.18099,-0.97080,1.13993,-0.01360,0.01415,-0.66040,0.75066,
1754104159569336064,-5.18777,-1.05460,1.13211,-0.02258,0.01789,-0.66544,0.74590,
1754104159636049408,-5.19071,-1.11709,1.12849,-0.02887,0.02560,-0.66253,0.74804,
1754104159736119040,-5.19327,-1.20931,1.13034,-0.04160,0.04283,-0.65111,0.75663,
1754104159769475840,-5.19273,-1.24022,1.13399,-0.04809,0.04995,-0.64830,0.75822,
1754104159836188928,-5.19237,-1.29706,1.14322,-0.05779,0.07016,-0.64275,0.76067,
1754104159869545472,-5.19072,-1.32403,1.14936,-0.06380,0.08279,-0.64091,0.76047,
1754104159936260096,-5.18409,-1.37395,1.16160,-0.07728,0.10637,-0.63631,0.76014,
1754104159969618944,-5.17751,-1.39593,1.16612,-0.08444,0.11747,-0.63358,0.76003,
1754104160036336640,-5.16425,-1.44425,1.17351,-0.10028,0.14066,-0.62920,0.75781,
1754104160069695488,-5.15555,-1.46868,1.17517,-0.11162,0.15208,-0.62848,0.75461,
1754104160136413440,-5.13790,-1.51332,1.17611,-0.12426,0.17128,-0.61931,0.75610,
1754104160236489984,-5.11794,-1.58042,1.16975,-0.14346,0.17271,-0.61476,0.75608,
1754104160336566784,-5.11542,-1.65278,1.15833,-0.15086,0.15186,-0.61924,0.75546,
1754104160369925632,-5.11998,-1.67722,1.15373,-0.14860,0.14080,-0.62001,0.75742,
1754104160436643584,-5.13446,-1.72880,1.14903,-0.14477,0.11430,-0.62827,0.75581,
1754104160470002432,-5.14547,-1.75331,1.14647,-0.13403,0.10186,-0.63165,0.75676,
1754104160536720640,-5.17082,-1.80307,1.14742,-0.10331,0.07832,-0.63372,0.76263,
1754104160570079232,-5.18458,-1.82697,1.14820,-0.08719,0.06719,-0.63166,0.76739,
1754104160636797440,-5.21211,-1.87272,1.14938,-0.05322,0.04324,-0.62990,0.77364,
1754104160670156544,-5.22531,-1.89338,1.14704,-0.03783,0.03178,-0.63206,0.77334,
1754104160736874496,-5.25096,-1.93498,1.14186,-0.01467,0.01097,-0.63737,0.77034,
1754104160770233600,-5.26093,-1.95836,1.13778,-0.00496,0.00245,-0.63929,0.76894,
1754104160836951808,-5.27863,-2.00426,1.12870,0.00931,-0.00998,-0.64305,0.76570,
1754104160937028096,-5.29883,-2.07764,1.11447,0.02252,-0.01842,-0.64744,0.76156,
1754104161037102336,-5.31690,-2.15777,1.10808,0.02249,-0.02150,-0.64465,0.76384,
1754104161137176832,-5.33578,-2.23968,1.11024,0.02131,-0.02067,-0.64085,0.76710,
1754104161237251072,-5.35482,-2.31815,1.12037,0.02517,-0.00776,-0.63932,0.76849,
1754104161337325056,-5.36897,-2.39673,1.12800,0.02868,0.00164,-0.63829,0.76926,
1754104161437399296,-5.38021,-2.47003,1.12926,0.02526,0.00644,-0.63825,0.76938,
1754104161537473792,-5.38932,-2.54787,1.12210,0.01859,0.00279,-0.64140,0.76698,
1754104161637548288,-5.39731,-2.63190,1.11282,0.01347,-0.00366,-0.64203,0.76655,
1754104161737622272,-5.40342,-2.71706,1.11056,0.01444,-0.00862,-0.63480,0.77249,
1754104161837696768,-5.40935,-2.80439,1.11436,0.01951,-0.01229,-0.63612,0.77125,
1754104161937770752,-5.41764,-2.88955,1.12581,0.01848,-0.01656,-0.63112,0.77529,
1754104162037843712,-5.42894,-2.97227,1.12969,0.01567,-0.02028,-0.63131,0.77511,
1754104162137916928,-5.44104,-3.05549,1.12499,0.00672,-0.02176,-0.63189,0.77473,
1754104162237989632,-5.45471,-3.14568,1.11743,0.00201,-0.01656,-0.63113,0.77550,
1754104162338062592,-5.46805,-3.23707,1.11410,-0.00798,-0.00757,-0.62835,0.77786,
1754104162438135296,-5.47994,-3.32467,1.11974,-0.01091,0.01564,-0.62826,0.77777,
1754104162538208512,-5.48838,-3.41363,1.12674,-0.01896,0.03351,-0.63229,0.77378,
1754104162638281472,-5.49430,-3.49530,1.12903,-0.02850,0.04322,-0.64051,0.76620,
1754104162738353920,-5.49700,-3.58111,1.12897,-0.03917,0.04612,-0.64102,0.76514,
1754104162838426880,-5.49639,-3.67449,1.13230,-0.04450,0.05250,-0.63079,0.77290,
1754104162938500096,-5.49038,-3.76746,1.14026,-0.05357,0.05978,-0.61692,0.78292,
1754104163038575360,-5.48217,-3.85769,1.14883,-0.06689,0.06960,-0.61893,0.77949,
1754104163138650624,-5.47493,-3.94429,1.15961,-0.07694,0.07600,-0.61674,0.77970,
1754104163238726144,-5.46539,-4.02644,1.16279,-0.08891,0.08673,-0.61926,0.77530,
1754104163338801408,-5.45058,-4.11078,1.16274,-0.11098,0.09915,-0.61709,0.77269,
1754104163372159744,-5.44459,-4.14017,1.16272,-0.12079,0.10385,-0.61505,0.77223,
1754104163438876672,-5.43476,-4.19688,1.16443,-0.13956,0.11325,-0.60799,0.77333,
1754104163472235264,-5.43050,-4.22582,1.16607,-0.14723,0.11752,-0.60384,0.77452,
1754104163538952192,-5.42524,-4.27957,1.17009,-0.16384,0.12825,-0.60615,0.76765,
1754104163572310528,-5.42217,-4.30609,1.17163,-0.16868,0.13819,-0.60855,0.76297,
1754104163639027712,-5.41342,-4.35973,1.17953,-0.17901,0.15767,-0.60963,0.75594,
1754104163739102976,-5.39474,-4.42542,1.19231,-0.19332,0.17563,-0.60496,0.75220,
1754104163839178496,-5.36947,-4.48663,1.20338,-0.20747,0.18615,-0.59764,0.75175,
1754104163939253760,-5.33042,-4.54431,1.21546,-0.23235,0.19495,-0.59547,0.74393,
1754104163972612352,-5.31369,-4.56637,1.21962,-0.23994,0.19904,-0.59418,0.74145,
1754104164039329024,-5.27763,-4.60513,1.23043,-0.24856,0.20920,-0.58537,0.74283,
1754104164072687104,-5.25732,-4.62504,1.23631,-0.25381,0.21313,-0.58080,0.74352,
1754104164139404032,-5.21368,-4.66469,1.24967,-0.26231,0.22135,-0.57021,0.74636,
1754104164172762368,-5.19034,-4.68327,1.25611,-0.26668,0.22540,-0.56337,0.74879,
1754104164239479296,-5.13836,-4.72085,1.26858,-0.28087,0.23335,-0.55182,0.74977,
1754104164272837632,-5.11080,-4.73787,1.27326,-0.29101,0.23573,-0.54988,0.74658,
1754104164339554560,-5.05694,-4.76652,1.27828,-0.31140,0.24582,-0.55317,0.73254,
1754104164372912896,-5.02962,-4.77971,1.28015,-0.32102,0.25143,-0.55308,0.72652,
1754104164439629568,-4.98035,-4.80298,1.28520,-0.33189,0.25754,-0.54723,0.72392,
1754104164539704832,-4.90565,-4.83780,1.28726,-0.34155,0.28022,-0.54297,0.71414,
1754104164639780096,-4.82794,-4.86983,1.28940,-0.35758,0.29854,-0.53501,0.70482,
1754104164739855616,-4.74700,-4.90113,1.29290,-0.37533,0.31864,-0.52468,0.69449,
1754104164773213952,-4.71982,-4.91015,1.29472,-0.38069,0.32557,-0.51882,0.69275,
1754104164839930880,-4.66609,-4.92865,1.29950,-0.39305,0.33524,-0.50984,0.68788,
1754104164940005888,-4.58510,-4.95098,1.30832,-0.41131,0.35758,-0.50002,0.67301,
1754104165040080128,-4.50387,-4.96354,1.31238,-0.43025,0.36902,-0.49781,0.65642,
1754104165140154368,-4.42588,-4.96537,1.30833,-0.45092,0.37789,-0.49411,0.64010,
1754104165240228352,-4.34338,-4.96117,1.29890,-0.47338,0.38190,-0.48800,0.62604,
1754104165340302592,-4.25455,-4.95619,1.28503,-0.49152,0.38003,-0.47636,0.62215,
1754104165440377088,-4.16961,-4.94688,1.27016,0.50590,-0.37389,0.46888,-0.62002,
1754104165540451328,-4.09139,-4.93397,1.25414,0.51419,-0.37586,0.47906,-0.60402,
1754104165640525312,-4.01767,-4.91922,1.24091,0.51424,-0.38611,0.48900,-0.58937,
1754104165673883392,-3.98984,-4.91327,1.23752,0.51660,-0.39121,0.49035,-0.58278,
1754104165740599808,-3.93518,-4.90078,1.23247,0.52170,-0.39851,0.49035,-0.57321,
1754104165840674048,-3.85704,-4.88520,1.22153,0.53058,-0.40808,0.48731,-0.56079,
1754104165940748288,-3.77394,-4.87723,1.20738,0.53442,-0.41846,0.47516,-0.55992,
1754104166040823040,-3.68981,-4.87615,1.19399,0.53245,-0.42193,0.44873,-0.58061,
1754104166140897536,-3.61255,-4.87520,1.17947,0.53766,-0.42604,0.43084,-0.58633,
1754104166174255616,-3.59086,-4.87367,1.17388,0.54049,-0.43102,0.43308,-0.57839,
1754104166240972288,-3.53648,-4.86696,1.16324,0.54779,-0.44225,0.42884,-0.56608,
1754104166274330368,-3.50973,-4.86083,1.15843,0.55103,-0.44841,0.42897,-0.55793,
1754104166341046528,-3.45690,-4.84756,1.15145,0.55542,-0.46629,0.42983,-0.53789,
1754104166374404608,-3.43284,-4.84043,1.14883,0.55704,-0.47620,0.42978,-0.52748,
1754104166441121024,-3.37736,-4.82669,1.14610,0.56251,-0.48785,0.42717,-0.51295,
1754104166541195776,-3.29131,-4.80838,1.14470,0.57160,-0.49235,0.42793,-0.49774,
1754104166641270272,-3.20898,-4.79492,1.13870,0.57919,-0.49406,0.43366,-0.48206,
1754104166741344768,-3.12332,-4.79032,1.12805,0.57589,-0.48781,0.44004,-0.48658,
1754104166774702848,-3.09233,-4.79197,1.12321,0.57116,-0.48479,0.44746,-0.48841,
1754104166841419264,-3.03900,-4.79894,1.11610,0.55322,-0.48010,0.46547,-0.49678,
1754104166874777600,-3.01419,-4.80485,1.11379,0.54261,-0.47759,0.46979,-0.50673,
1754104166941494016,-2.96394,-4.81964,1.11437,0.51757,-0.46682,0.47677,-0.53562,
1754104166974852352,-2.93799,-4.82845,1.11366,0.50455,-0.46230,0.48282,-0.54644,
1754104167041569024,-2.88789,-4.84661,1.11338,-0.48687,0.45400,-0.49715,0.55649,
1754104167141644288,-2.80898,-4.87243,1.11741,-0.46869,0.44017,-0.49498,0.58444,
1754104167241719808,-2.72288,-4.89314,1.12842,-0.46610,0.42510,-0.47848,0.61081,
1754104167541945600,-2.46269,-4.92703,1.20250,0.51112,-0.39530,0.44804,-0.61786,
1754104167708738304,-2.33171,-4.92529,1.21755,0.52675,-0.40878,0.45113,-0.59322,
1754104167775455232,-2.27988,-4.92478,1.20723,0.52597,-0.41791,0.45744,-0.58263,
1754104167842172416,-2.22494,-4.92469,1.18852,0.52332,-0.42659,0.46466,-0.57293,
1754104168242466560,-1.87885,-4.94067,1.12987,-0.49924,0.45297,-0.47387,0.56660,
1754104168375897088,-1.75313,-4.94503,1.13904,0.51338,-0.46025,0.45519,-0.56340,
1754104168409254912,-1.71809,-4.94410,1.13979,0.52073,-0.46313,0.45080,-0.55779,
1754104168442612736,-1.68620,-4.94182,1.14059,0.52939,-0.46593,0.44403,-0.55271,
1754104168475970304,-1.65307,-4.93861,1.14211,0.53832,-0.46765,0.43410,-0.55053,
1754104168509327872,-1.61672,-4.93546,1.14435,0.54898,-0.46828,0.42283,-0.54823,
1754104168542685440,-1.58536,-4.93089,1.14863,0.55979,-0.46869,0.40785,-0.54829,
1754104168576043008,-1.55316,-4.92548,1.15311,0.57172,-0.47037,0.39566,-0.54345,
1754104168609401088,-1.52178,-4.91880,1.15742,0.58122,-0.47469,0.38308,-0.53861,
1754104168642758656,-1.49491,-4.91079,1.16138,0.59021,-0.48382,0.37083,-0.52921,
1754104168676116224,-1.46961,-4.89833,1.16454,0.60021,-0.49569,0.35891,-0.51500,
1754104168709473536,-1.44320,-4.88352,1.16779,0.61120,-0.50646,0.34820,-0.49869,
1754104168742831104,-1.41870,-4.86656,1.17074,0.62150,-0.51612,0.33803,-0.48279,
1754104168776188928,-1.39622,-4.84780,1.17308,0.63062,-0.52513,0.32846,-0.46762,
1754104168809546752,-1.37503,-4.82759,1.17484,0.64002,-0.53437,0.31912,-0.45054,
1754104168842904320,-1.35424,-4.80648,1.17603,0.64954,-0.54285,0.30898,-0.43353,
1754104168876261888,-1.33389,-4.78501,1.17686,0.65764,-0.54996,0.29662,-0.42080,
1754104168909619456,-1.31460,-4.76347,1.17709,0.66536,-0.55471,0.28232,-0.41217,
1754104168942976512,-1.29555,-4.74168,1.17693,0.67322,-0.55874,0.26971,-0.40230,
1754104168976333056,-1.27654,-4.71972,1.17620,0.68071,-0.56280,0.25738,-0.39198,
1754104169009690112,-1.25865,-4.69770,1.17497,0.68787,-0.56689,0.24659,-0.38034,
1754104169043046656,-1.24138,-4.67551,1.17335,0.69421,-0.57131,0.23482,-0.36951,
1754104169076403456,-1.22502,-4.65328,1.17169,0.70120,-0.57500,0.22344,-0.35744,
1754104169109760000,-1.20842,-4.63078,1.17024,0.70791,-0.57861,0.21209,-0.34509,
1754104169143116800,-1.19141,-4.60830,1.16861,0.71365,-0.58168,0.20036,-0.33498,
1754104169176473344,-1.17506,-4.58645,1.16631,0.71708,-0.58729,0.19226,-0.32238,
1754104169209830144,-1.15980,-4.56516,1.16372,0.71793,-0.59547,0.18661,-0.30851,
1754104169243186432,-1.14548,-4.54398,1.16166,0.71839,-0.60356,0.17874,-0.29611,
1754104169276543232,-1.13222,-4.52307,1.16089,0.72092,-0.60911,0.16978,-0.28362,
1754104169309899776,-1.11999,-4.50252,1.16185,0.72504,-0.61126,0.16026,-0.27386,
1754104169343256320,-1.10835,-4.48260,1.16375,0.72949,-0.61105,0.15002,-0.26825,
1754104169376613120,-1.09771,-4.46336,1.16485,0.73285,-0.61193,0.14288,-0.26089,
1754104169409969920,-1.08766,-4.44472,1.16510,0.73521,-0.61518,0.13927,-0.24824,
1754104169443326208,-1.07861,-4.42667,1.16469,0.73779,-0.61819,0.13581,-0.23465,
1754104169476683008,-1.06969,-4.40808,1.16430,0.74058,-0.61991,0.13049,-0.22410,
1754104169510039296,-1.06104,-4.38904,1.16381,0.74360,-0.62071,0.12492,-0.21488,
1754104169543396096,-1.05251,-4.36996,1.16283,0.74592,-0.62229,0.12064,-0.20444,
1754104169576752384,-1.04415,-4.35099,1.16130,0.74786,-0.62399,0.11621,-0.19455,
1754104169610109184,-1.03589,-4.33270,1.15923,0.74943,-0.62601,0.11259,-0.18380,
1754104169643465472,-1.02742,-4.31429,1.15667,0.75050,-0.62846,0.10893,-0.17298,
1754104169676822016,-1.01806,-4.29567,1.15433,0.75160,-0.63051,0.10523,-0.16273,
1754104169743535104,-0.99729,-4.25615,1.15147,0.75574,-0.63033,0.09673,-0.14896,
1754104169810248192,-0.97364,-4.21457,1.14990,0.76144,-0.62647,0.08724,-0.14190,
1754104169910317568,-0.93898,-4.15250,1.15025,0.77127,-0.61629,0.06468,-0.14542,
1754104170010391040,-0.91507,-4.09108,1.14591,0.76795,-0.62744,0.04791,-0.11947,
1754104170043749120,-0.91043,-4.07126,1.14294,0.76669,-0.63132,0.04283,-0.10857,
1754104170110465024,-0.90396,-4.02847,1.13732,0.76305,-0.63891,0.03504,-0.09123,
1754104170143822848,-0.90051,-4.00567,1.13404,0.76070,-0.64296,0.03020,-0.08382,
1754104170210539008,-0.89747,-3.96046,1.12928,0.75820,-0.64818,0.01729,-0.06847,
1754104170243897088,-0.89491,-3.93471,1.12562,0.75771,-0.64964,0.01155,-0.06087,
1754104170410686720,-0.89321,-3.80068,1.10277,0.75594,-0.65401,-0.00154,-0.02883,
1754104170510760704,-0.89586,-3.71277,1.09554,0.76064,-0.64877,-0.01222,-0.01943,
1754104170644192768,-0.90155,-3.57669,1.09829,0.76203,-0.64680,-0.02627,-0.01624,
1754104170744266496,-0.90777,-3.47927,1.10974,0.76404,-0.64403,-0.03636,-0.01180,
1754104170844340224,-0.91555,-3.39149,1.11461,0.75763,-0.65174,-0.03496,0.00216,
1754104170944448256,-0.92785,-3.30325,1.11482,0.75852,-0.65028,-0.03982,0.01388,
1754104171011324160,-0.93668,-3.24051,1.11343,0.76149,-0.64626,-0.04523,0.02085,
1754104171111641856,-0.95163,-3.13999,1.11373,0.76829,-0.63630,-0.05950,0.03608,
1754104171145082112,-0.95720,-3.10973,1.11496,0.77168,-0.63101,-0.06691,0.04312,
1754104171211964160,-0.97274,-3.04906,1.11794,0.77139,-0.62767,-0.08640,0.05933,
1754104171245405696,-0.98349,-3.01949,1.11870,0.76695,-0.63040,-0.09976,0.06656,
1754104171312290816,-1.00928,-2.96237,1.12138,0.75935,-0.63216,-0.13200,0.07968,
1754104171345734400,-1.02380,-2.93825,1.12116,0.75466,-0.63373,-0.14575,0.08736,
1754104171412622336,-1.05620,-2.89256,1.12138,0.74623,-0.63583,-0.16756,0.10388,
1754104171446067456,-1.07349,-2.87364,1.11987,0.74228,-0.63580,-0.17814,0.11419,
1754104171512958720,-1.11184,-2.83411,1.11529,0.73606,-0.63332,-0.19816,0.13362,
1754104171546405120,-1.13173,-2.81423,1.11153,0.73300,-0.63239,-0.20481,0.14439,
1754104171613299456,-1.17312,-2.77596,1.10382,0.72669,-0.63099,-0.21561,0.16518,
1754104171646747392,-1.19510,-2.75470,1.09948,0.72449,-0.62920,-0.22112,0.17416,
1754104171713644800,-1.24083,-2.71445,1.09273,0.72168,-0.62357,-0.23117,0.19211,
1754104171747094272,-1.26467,-2.69336,1.09028,0.72249,-0.61824,-0.23695,0.19912,
1754104171813994752,-1.31461,-2.65455,1.08576,0.72200,-0.61118,-0.24764,0.20941,
1754104171914349312,-1.38876,-2.60386,1.08114,0.70488,-0.61828,-0.25984,0.23097,
1754104171947756032,-1.41287,-2.58659,1.08069,0.69719,-0.62237,-0.26205,0.24064,
1754104172014457600,-1.45825,-2.55631,1.08233,0.69406,-0.62198,-0.26510,0.24727,
1754104172114509824,-1.52360,-2.51399,1.08341,0.68266,-0.62880,-0.26054,0.26591,
1754104172214561280,-1.58802,-2.47039,1.08124,0.67440,-0.63322,-0.25448,0.28188,
1754104172314612224,-1.64816,-2.41988,1.07882,0.67473,-0.63250,-0.24012,0.29501,
1754104172414662144,-1.70237,-2.35602,1.07610,0.68720,-0.62621,-0.21749,0.29719,
1754104172448011776,-1.71806,-2.33091,1.07523,0.69193,-0.62484,-0.20666,0.29682,
1754104172514711552,-1.74409,-2.27948,1.07367,0.69923,-0.62604,-0.18298,0.29269,
1754104172548061696,-1.75638,-2.25071,1.07197,0.70460,-0.62770,-0.17200,0.28275,
1754104172614760704,-1.77308,-2.19547,1.07157,0.70985,-0.63729,-0.14528,0.26244,
1754104172648110336,-1.77929,-2.16752,1.07064,0.71490,-0.64046,-0.13009,0.24860,
1754104172714809088,-1.78648,-2.11591,1.06718,0.71929,-0.65163,-0.09374,0.22183,
1754104172748158464,-1.78882,-2.09035,1.06312,0.72060,-0.65704,-0.07503,0.20832,
1754104172814856960,-1.78678,-2.03921,1.05518,0.72068,-0.66799,-0.02740,0.18345,
1754104172848206080,-1.78497,-2.01106,1.04927,0.72330,-0.67009,-0.00283,0.16676,
1754104172914904064,-1.77404,-1.95997,1.03796,0.72828,-0.67096,0.04680,0.13123,
1754104172948268544,-1.76762,-1.93281,1.03209,0.73258,-0.66816,0.07070,0.10908,
1754104173015130624,-1.74870,-1.88665,1.02082,0.74067,-0.65885,0.11733,0.05965,
1754104173048562432,-1.73711,-1.86462,1.01457,0.74287,-0.65420,0.13886,0.02959,
1754104173115427584,-1.70947,-1.82929,1.00356,0.73429,-0.65524,0.17646,-0.01866,
1754104173148860672,-1.69358,-1.81514,0.99817,0.72579,-0.65939,0.19253,-0.03692,
1754104173215728384,-1.65995,-1.79050,0.99099,0.71000,-0.66335,0.22045,-0.08530,
1754104173249163008,-1.64153,-1.77999,0.98727,0.70287,-0.66378,0.23062,-0.11039,
1754104173316033024,-1.60658,-1.76351,0.98046,0.68990,-0.66277,0.24994,-0.14933,
1754104173349468928,-1.58886,-1.75637,0.97504,0.68247,-0.66254,0.26305,-0.16150,
1754104173416342272,-1.55506,-1.74863,0.96479,0.67154,-0.65674,0.28444,-0.19188,
1754104173449779200,-1.53674,-1.74139,0.95919,0.66724,-0.65331,0.29405,-0.20374,
1754104173516655104,-1.50049,-1.72884,0.95068,0.66555,-0.64342,0.30512,-0.22348,
1754104173550093568,-1.48171,-1.72255,0.94776,0.66307,-0.64056,0.30977,-0.23251,
1754104173616972288,-1.44414,-1.71239,0.94570,0.66120,-0.63542,0.31147,-0.24908,
1754104173717293568,-1.38817,-1.69579,0.94679,0.65556,-0.63616,0.31329,-0.25960,
1754104173851061248,-1.31149,-1.67680,0.95161,0.64837,-0.63952,0.30991,-0.27309,
1754104174018062336,-1.21114,-1.65953,0.95355,0.64187,-0.64047,0.29905,-0.29727,
1754104174118088960,-1.15272,-1.64818,0.95878,0.64612,-0.62894,0.29033,-0.32042,
1754104174218114304,-1.10267,-1.63549,0.97215,0.64545,-0.62196,0.29822,-0.32805,
1754104174318138112,-1.05899,-1.62372,0.98386,0.64376,-0.61787,0.29595,-0.34093,
1754104174451501568,-0.99927,-1.59983,0.99545,0.65136,-0.61769,0.28177,-0.33880,
1754104174618203136,-0.90420,-1.56132,1.01206,0.67122,-0.62319,0.23996,-0.32173,
1754104174718222080,-0.84275,-1.53340,1.03103,0.68518,-0.63033,0.19852,-0.30626,
1754104174818240256,-0.78016,-1.50285,1.05230,0.68827,-0.64460,0.14554,-0.29934,
1754104174918256896,-0.72886,-1.46485,1.07651,0.69524,-0.65133,0.09033,-0.29026,
1754104175018278656,-0.69177,-1.41573,1.09518,0.70476,-0.64936,0.05609,-0.28019,
1754104175118300928,-0.66341,-1.35764,1.10009,0.71600,-0.64691,0.02928,-0.26077,
1754104175218321920,-0.64074,-1.29328,1.08919,0.72809,-0.64683,0.02041,-0.22602,
1754104175318341632,-0.60653,-1.22894,1.06729,0.73630,-0.64953,0.03656,-0.18611,
1754104175418360064,-0.56982,-1.17400,1.04180,0.72968,-0.66247,0.06477,-0.15653,
1754104175451699200,-0.55650,-1.15721,1.03225,0.72212,-0.67236,0.07306,-0.14542,
1754104175518377216,-0.52821,-1.12507,1.01660,0.70962,-0.68602,0.08234,-0.13798,
1754104175551715840,-0.51396,-1.11169,1.00796,0.70031,-0.69576,0.08779,-0.13333,
1754104175618392832,-0.48135,-1.07930,0.99338,0.68337,-0.71361,0.09341,-0.12265,
1754104175718407168,-0.43311,-1.02556,0.97764,0.67490,-0.72292,0.08419,-0.12168,
1754104175918432000,-0.33220,-0.88524,0.96193,0.68604,-0.71733,0.04517,-0.11293,
1754104176018461440,-0.28685,-0.81430,0.96717,0.68913,-0.71834,0.03068,-0.09028,
1754104176118495232,-0.24851,-0.73899,0.98297,0.70606,-0.70336,0.01758,-0.08040,
1754104176151839232,-0.23542,-0.71379,0.98982,0.71208,-0.69799,0.01484,-0.07442,
1754104176218527488,-0.21598,-0.66156,1.00274,0.73005,-0.68039,0.00879,-0.06337,
1754104176251871488,-0.20462,-0.63273,1.00716,0.73920,-0.67103,0.00920,-0.05677,
1754104176318559232,-0.18624,-0.57823,1.00829,0.75660,-0.65169,0.01093,-0.05235,
1754104176351902464,-0.17422,-0.55112,1.00537,0.76442,-0.64253,0.01208,-0.05179,
1754104176418589696,-0.15509,-0.50275,0.99002,0.77384,-0.63045,0.01934,-0.05771,
1754104176518618880,-0.12811,-0.43302,0.94726,0.78368,-0.61758,0.00950,-0.06599,
1754104176551961600,-0.11968,-0.41133,0.92623,0.78156,-0.61913,0.00319,-0.07633,
1754104176618646784,-0.10435,-0.36881,0.87775,0.76333,-0.64198,-0.00783,-0.07154,
1754104176651989504,-0.09712,-0.34763,0.85060,0.75403,-0.65330,-0.01295,-0.06680,
1754104176718674176,-0.08247,-0.30498,0.79390,0.74033,-0.66886,-0.02635,-0.06199,
1754104176752016384,-0.07525,-0.28260,0.76337,0.73350,-0.67668,-0.02952,-0.05672,
1754104176818700288,-0.06100,-0.24089,0.70189,0.72424,-0.68714,-0.03158,-0.04807,
1754104176852041984,-0.05394,-0.21886,0.67018,0.72147,-0.69025,-0.03308,-0.04397,
1754104176918725376,-0.04047,-0.17902,0.60646,0.71661,-0.69583,-0.03218,-0.03542,
1754104177018754304,-0.01986,-0.13301,0.51795,0.71915,-0.69373,-0.02789,-0.02814,
1754104177118782976,-0.00198,-0.10257,0.43756,0.72269,-0.69016,-0.02260,-0.02978,
1754104177218810624,0.01227,-0.08003,0.35676,0.72621,-0.68644,-0.01910,-0.03245,
1754104177318836992,0.02179,-0.06638,0.28080,0.73133,-0.68087,-0.00556,-0.03935,
1754104177452203264,0.01845,-0.05721,0.19509,0.73303,-0.67976,0.00362,-0.02415,
1754104177552227072,0.00984,-0.04784,0.14714,0.74698,-0.66448,0.00032,-0.02182,
1754104177618908672,0.00297,-0.03901,0.12285,0.77145,-0.63554,-0.00405,-0.03069,
1754104177718930432,-0.00827,-0.02621,0.09204,0.78420,-0.61992,-0.00988,-0.02503,
1754104177918970112,-0.01414,0.00490,0.02934,0.78317,-0.62117,-0.00017,-0.02808,
1754104178018996992,-0.01352,0.01538,0.00288,0.76848,-0.63908,0.00532,-0.03143,
1754104178052339712,-0.01329,0.01770,-0.00784,0.76370,-0.64464,0.00590,-0.03412,
1754104178119024896,-0.01170,0.02203,-0.02607,0.75016,-0.66017,0.00786,-0.03712,
1754104178219051520,-0.01053,0.02497,-0.04711,0.73775,-0.67414,0.00732,-0.03472,
1754104178319077376,-0.00737,0.02359,-0.06302,0.72170,-0.69071,0.00654,-0.04493,
1754104178419101184,-0.00640,0.02266,-0.06933,0.70825,-0.70431,0.00280,-0.04819,
1754104178452442368,-0.00729,0.02202,-0.07115,0.70157,-0.71092,-0.00002,-0.04883,
1754104178519124224,-0.00761,0.02380,-0.07435,0.68956,-0.72271,-0.00229,-0.04682,
1754104178619146240,-0.01038,0.02425,-0.07484,0.67792,-0.73401,0.00113,-0.04074,
1754104178719166720,-0.01143,0.02475,-0.07719,0.66750,-0.74367,0.00504,-0.03700,
1754104178819186176,-0.01168,0.02346,-0.07951,0.65853,-0.75170,0.01059,-0.03440,
1754104178919204352,-0.01295,0.02096,-0.08402,0.63521,-0.77180,0.01176,-0.02623,
1754104178952545280,-0.01266,0.02046,-0.08521,0.62695,-0.77863,0.01175,-0.02305,
1754104179019230720,-0.01285,0.01886,-0.08751,0.61372,-0.78918,0.01206,-0.01979,
1754104179119258112,-0.01158,0.02134,-0.08746,0.60032,-0.79938,0.01068,-0.02224,
1754104179252626176,-0.01180,0.01828,-0.09070,0.61910,-0.78490,0.00762,-0.02431,
1754104179319309312,-0.01011,0.01436,-0.09145,0.63263,-0.77402,0.00805,-0.02456,
1754104179352650752,-0.00874,0.01211,-0.09107,0.64327,-0.76520,0.00804,-0.02480,
1754104179419333120,-0.00740,0.00732,-0.09269,0.67759,-0.73494,0.00705,-0.02603,
1754104179452674048,-0.00652,0.00403,-0.09463,0.70182,-0.71181,0.00637,-0.02691,
1754104179519355648,-0.00534,-0.00355,-0.09806,0.75146,-0.65913,0.00484,-0.02883,
1754104179552696320,-0.00555,-0.00713,-0.09912,0.76689,-0.64109,0.00443,-0.02951,
1754104179619376896,-0.00357,-0.01156,-0.10169,0.79541,-0.60517,0.00747,-0.03224,
1754104179652717312,-0.00384,-0.01489,-0.10313,0.80650,-0.59029,0.00809,-0.03239,
1754104180352880896,0.01713,-0.08409,-0.11304,0.80952,-0.58651,0.00366,-0.02608,
